"primary_song_artist_id","primary_song_artist"
1,"Eurythmics"
2,"The Pussycat Dolls feat. Timbaland"
3,"Celine Dion"
4,"Kris Allen"
5,"Train"
6,"Roberta Flack"
7,"Edwyn Collins"
8,"Adam Lambert"
9,"Alicia Keys"
10,"Kate Bush"
11,"Astor Piazzolla"
12,"B.o.B feat. Bruno Mars"
13,"Tanghetto"
14,"Bonnie Raitt"
15,"The Beatles"
16,"Gerardo Matos Rodríguez"
17,"Rihanna feat. Jay-Z"
18,"Jefferson Airplane"
19,"Santana"
20,"Nelly & Christina Aguilera"
21,"Tina Turner"
22,"Billy Joel"
23,"Billy Idol"
24,"Body Rockers"
25,"Michael Jackson"
26,"Pitbull feat. Lil Jon"
27,"Aretha Franklin"
28,"Donna Summer"
29,"Curtis Stigers"
30,"Sara Bareilles"
31,"Stray Cats"
32,"Carlos Santana feat. Rob Thomas"
33,"Fred Wesley & The J.B.'s"
34,"The Chi-Lites"
35,"The Beach Boys"
36,"Marvin Gaye"
37,"David Sanborn"
38,"Donovan"
39,"The Black Eyed Peas"
40,"Katy Perry feat. Snoop Dogg"
41,"The Jimmy Castor Bunch"
42,"Madcon"
43,"Janet Jackson"
44,"Meghan Trainor"
45,"Nat King Cole"
46,"Pussycat Dolls"
47,"The Supremes"
48,"Eartha Kitt"
49,"Enrique Iglesias feat. Ludacris & DJ Frank E"
50,"Ella Fitzgerald"
51,"Billy Ray Cyrus"
52,"Frank Sinatra"
53,"Bee Gees"
54,"Barry Manilow"
55,"David Bowie & Mick Jagger"
56,"Dusty Springfield"
57,"Owl City & Carly Rae Jepsen"
58,"One Direction"
59,"Amy Winehouse"
60,"from Sweet Charity"
61,"Robin Thicke feat. Kendrick Lamar"
62,"Rogue Wave"
63,"Taio Cruz"
64,"Robin Thicke feat. T.I. & Pharrell Williams"
65,"Jessie J"
66,"Kelly Clarkson"
67,"Ricky Martin"
68,"Louis Armstrong"
69,"The Jackson 5"
70,"Roxette"
71,"The Blackout All-Stars"
72,"Chaka Khan"
73,"Flo Rida feat. David Guetta"
74,"Norah Jones"
75,"The Rolling Stones"
76,"Wild Cherry"
77,"Henry Mancini"
78,"Bobby Darin"
79,"Rihanna"
80,"Bon Jovi"
81,"3OH!3 feat. Ke$ha"
82,"Ricky Martin feat. Pitbull"
83,"The Temptations"
84,"Nouvelle Vague"
85,"Ke$ha"
86,"Seal"
87,"Fontella Bass"
88,"Edwin McCain"
89,"Carl Douglas"
90,"Mika"
91,"Kander and Ebb"
92,"Jackie DeShannon"
93,"Edwin Starr"
94,"101 Strings Orchestra"
95,"Robert Palmer"
96,"Elvis Presley"
97,"Erin Bowman"
98,"LunchMoney Lewis"
99,"The Romantics"
100,"The Blues Brothers"
101,"Captain & Tennille[26]"
102,"Fleur East"
103,"Flo Rida feat. Sage the Gemini & Lookas"
104,"Van Morrison"
105,"Natalie Cole"
106,"Jessie J, Ariana Grande & Nicki Minaj"
107,"Rizzle Kicks"
108,"Madonna"
109,"Huey Lewis and the News"
110,"Stevie Wonder"
111,"Spandau Ballet"
112,"Smash Mouth"
113,"Whitney Houston"
114,"The Trammps"
115,"Etta James"
116,"LMFAO feat. Lauren Bennett & GoonRock"
117,"Pink"
118,"Keane"
119,"Meco"
120,"Cee Lo Green"
121,"Queen"
122,"Katy Perry"
123,"Dave Matthews Band"
124,"OneRepublic"
125,"Eliza Doolittle"
126,"Little Mix"
127,"John Lennon"
128,"Maroon 5"
129,"Coldplay"
130,"Nancy Sinatra"
131,"Lloyd feat. Lil Wayne"
132,"Lady Antebellum"
133,"The Wanted"
134," Frankie Valli & The Four Seasons"
135,"Elton John"
136,"Basement Jaxx"
137,"Huey Lewis & the News"
138,"David Guetta feat. Kelly Rowland"
139,"The Cure"
140,"Colbie Caillat"
141,"Flo Rida feat. T-Pain"
142,"Nina Simone"
143,"Michael Bublé"
144,"Aerosmith"
145,"Pixie Lott"
146,"Carrie Underwood"
147,"Avicii feat. Audra Mae"
148,"Debbie Gibson"
149,"Madness"
150,"Beyoncé feat. Jay-Z"
151,"Spice Girls"
152,"Sam Cooke"
153,"Ray LaMontagne"
154,"Duran Duran"
155,"No Doubt"
156,"James Brown"
157,"The Troggs"
158,"Lady Gaga featuring Colby O'Donis"
159,"The Clash"
160,"Dana Glover"
161,"Haddaway"
162,"Luke Bryan"
163,"Mambo Compañeros"
164,"Labelle"
165,"Kenny Loggins"
166,"Mark Ronson feat. Bruno Mars"
167,"Zayde Wølf"
168,"Flo Rida feat. Fitz"
169,"Mary J. Blige"
170,"Ray Charles"
171,"Jess Glynne"
172,"Neil Diamond"
173,"Demi Lovato"
174,"Bruno Mars"
175,"OMI"
176,"OutKast"
177,"Steve Lawrence"
178,"Roger Miller"
179,"Steppenwolf"
180,"Deniece Williams"
181,"Phil Collins"
182,"Della Reese"
183,"Sean Paul"
184,"Adele"
185,"The Isley Brothers"
186,"Icona Pop"
187,"Ellie Goulding"
188,"Pitbull feat. Kesha"
189,"Maroon 5 feat. Christina Aguilera"
190,"David Gray"
191,"Martha & the Vandellas"
192,"Oingo Boingo"
193,"Zedd feat. Foxes"
194,"Marvin Gaye & Tammi Terrell"
195,"Pitbull feat. Chris Brown"
196,"Louis Jordan"
197,"The Pointer Sisters"
198,"Destiny's Child"
199,"Fred Astaire"
200,"Dean Martin"
201,"Mike Posner"
202,"Angel & the Mambokats"
203,"Ryan Shaw"
204,"Barbra Streisand"
205,"Harry Belafonte"
206,"Gloria Estefan"
207,"Lou Bega"
208,"Tom Jones feat. Stereophonics"
209,"Shirley Bassey"
210,"Daughtry"
211,"Whitney Myer"
212,"RuPaul"
213,"John Fogerty"
214,"Whitney Houston & Mariah Carey"
215,"Ludacris feat. Pharrell Williams"
216,"Shawn Mendes"
217,"Pharrell Williams"
218,"Kesha feat. The Dap-Kings Horns"
219,"Lionel Richie"
220,"Earth, Wind & Fire"
221,"Elton John & Britney Spears"
222,"Christina Aguilera, Lil' Kim, Mýa & Pink"
223,"Duck Sauce"
224,"BTS"
225,"Outkast"
226,"Lizzo"
227,"Timbaland feat. Keri Hilson"
228,"ZZ Top"
229,"Bachman-Turner Overdrive"
230,"Debby Boone"
231,"Poison"
232,"Andy Williams"
233,"DJ Snake feat. Justin Bieber"
234,"Ben Rector"
235,"Steve Goodman"
236,"Ray Quinn feat. Ultra Love"
237,"Redfoo"
238,"Olivia Newton-John"
239,"Alessia Cara"
240,"Vanilla Ice"
241,"Ariana Grande"
242,"Nicole Kidman"
243,"Boyz II Men"
244,"Henry Krieger"
245,"The Weeknd"
246,"Charlie Puth feat. Meghan Trainor"
247,"Carol Welsman"
248,"Katy Tiz"
249,"Barry White"
250,"A-ha"
251,"Olly Murs"
252,"Snoop Dogg feat. Pharrell"
253,"Taylor Swift"
254,"The Pussycat Dolls"
255,"Jackie Wilson"
256,"The Pretenders"
257,"Iggy Pop"
258,"Ashley Tisdale and Lucas Grabeel"
259,"Kris Kross"
260,"Gretchen Wilson"
261,"Neon Trees"
262,"Louis Prima"
263,"Ram Jam"
264,"Barrett Strong"
265,"Avril Lavigne"
266,"The Drifters"
267,"Flo Rida feat. Sia"
268,"Club des Belugas"
269,"Kiki Dee"
270,"Flo Rida"
271,"Lenka"
272,"The Emotions"
273,"Good Charlotte"
274,"Wham!"
275,"Sweet Charity"
276,"Nelly Furtado"
277,"Cherry Poppin' Daddies"
278,"Berlin"
279,"Arthur Conley"
280,"Tito Puente"
281,"Letters to Cleo"
282,"Sonora Carrulseles"
283,"The Brian Setzer Orchestra"
284,"En Vogue"
285,"Atomic Fireballs"
286,"Connie Francis"
287,"Otis Redding"
288,"Tom Jones"
289,"James Horner"
290,"Harry Styles"
291,"Kurtis Blow"
292,"The Disco Fries feat. Hope Murphy"
293,"Madcon feat. Ray Dalton"
294,"Lynyrd Skynyrd"
295,"Rihanna & Calvin Harris"
296,"Carl Carlton"
297,"Bad Bunny"
298,"The Kid Laroi & Justin Bieber"
299,"Dua Lipa"
300,"Jennifer Lopez & Pitbull"
301,"Jennifer Hudson"
302,"Harry Connick, Jr."
303,"Erika Jayne"
304,"Mike Post, Pete Carpenter"
305,"Tritonal & Cash Cash feat. JHart"
306,"Hozier"
307,"Pitbull & Ne-Yo"
308,"Little Texas"
309,"Betty Hutton"
310,"DNCE"
311,"Pitbull feat. Robin Thicke, Joe Perry & Travis Barker"
312,"Dillon Francis & Skrillex"
313,"David Guetta feat. Nicki Minaj, Bebe Rexha & Afrojack"
314,"Afrojack feat. Wrabel"
315,"Nelly feat. City Spud"
316,"Perez Prado"
317,"Nena"
318,"Cupid feat. B.o.B"
319,"Ritchie Valens"
320,"Johnny Cash"
321,"The Andrews Sisters"
322,"Africando All Stars"
323,"Perry Como"
324,"Les Poppys"
325,"Tape Five"
326,"Fall Out Boy"
327,"Richard Cheese"
328,"Passenger"
329,"The Dovells"
330,"from Gentlemen Prefer Blondes"
331,"Lady Gaga"
332,"Tears for Fears"
333,"P!nk feat. Nate Ruess"
334,"Bette Midler"
335,"Ike & Tina Turner"
336,"The Spencer Davis Group"
337,"Robert Randolph and the Family Band"
338,"The Contours"
339,"Amerie"
340,"Panic! at the Disco"
341,"Judy Garland"
342,"The Arthur Murray Orchestra"
343,"Sir Mix-a-Lot"
344,"Jessica Simpson"
345,"KT Tunstall"
346,"B.o.B feat. Rivers Cuomo"
347,"Daphne Willis"
348,"Eddie Palmieri"
349,"Imagine Dragons"
350,"Amy Stroup"
351,"John Travolta & Olivia Newton-John"
352,"Diana Ross & Lionel Richie"
353,"Irving Berlin"
354,"Black Eyed Peas"
355,"Joe Esposito"
356,"Doja Cat feat. SZA"
357,"Fergie & Ludacris"
358,"Rick James"
359,"Silk Sonic"
360,"Marilyn Monroe"
361,"Angel Melendez and the 911 Orchestra"
362,"from Grease"
363,"Rascal Flatts"
364,"Jerry Lee Lewis"
365,"The Spinners"
366,"Bonnie McKee"
367,"Peppermint Trolley Company"
368,"Ed Sheeran"
369,"Don Omar feat. Lucenzo"
370,"Flo Rida feat. Robin Thicke & Verdine White"
371,"Sérgio Mendes & The Black Eyed Peas"
372,"Carly Rae Jepsen"
373,"Wilson Pickett"
374,"Lee Brice"
375,"Sammy Davis Jr."
376,"Benny Moré"
377,"from Hairspray"
378,"Selena Gomez & The Scene"
379,"Big Bad Voodoo Daddy"
380,"Helen Shapiro"
381,"Joan Jett & the Blackhearts"
382,"Ludwig van Beethoven"
383,"Santa Esmeralda"
384,"Shakira"
385,"The Big Bopper"
386," James Blunt"
387,"Victor Silvester"
388,"Danny Malando"
389,"Thin Lizzy"
390,"Rosemary Clooney"
391,"No Doubt feat. Bounty Killer"
392,"Girls Aloud"
393,"Metro Station"
394,"Blondie"
395,"The O'Neill Brothers"
396,"Aloe Blacc"
397,"Fifth Harmony"
398,"Jurassic 5"
399,"Sarah Vaughan"
400,"Enrique Iglesias"
401,"Duke Ellington"
402,"Daft Punk, Pharrell Williams & Nile Rodgers"
403,"David Cook"
404,"Megan Thee Stallion"
405,"Jet"
406,"Five for Fighting"
407,"from Chicago"
408,"Mariah Carey"
409,"Johnny Pacheco"
410,"Buddy Holly"
411,"Michael Franti & Spearhead"
412,"Niykee Heaton"
413,"Charo"
414,"John Legend"
415,"Jennifer Nettles"
416,"The Knack"
417,"Gotye feat. Kimbra"
418,"Darius Rucker"
419,"Gavin DeGraw"
420,"Vic Mizzy"
421,"Jesse Frederick"
422,"Ramin Djawadi"
423,"Miguel"
424,"Miami Sound Machine"
425,"Kygo feat. Parson James"
426,"Gladys Knight & the Pips"
427,"Florida Georgia Line feat. Luke Bryan"
428,"Desi Arnaz"
429,"Robert Johnson"
430,"Will Smith"
431,"Astor Piazolla"
432,"Creedence Clearwater Revival"
433,"Chuck Berry"
434,"Glenn Frey"
435,"Gotan Project"
436,"Beyoncé featuring Jay-Z"
437,"A Great Big World & Christina Aguilera"
438,"Wisin & Yandel feat. Jennifer Lopez"
439,"Avicii"
440,"Estelle feat. Janelle Monáe"
441,"Alesha Dixon"
442,"Electric Guest"
443,"Tim Armstrong featuring Skye Sweetnam"
444,"Johnny O'Keefe"
445,"George Gershwin"
446,"Jack Wagner"
447,"The Tango Project"
448,"Andy Fortuna"
449,"The Human Beinz"
450,"Karl Jenkins"
451,"Lou Rawls"
452,"Alfred Hause's Tango Orchestra"
453,"José Feliciano, Ewan McGregor & Jacek Koman"
454,"Adam Ant"
455,"Alma Cogan"
456,"Weezer"
457,"Tim McGraw & Faith Hill"
458,"Ray Chew"
459,"Tyler Ward"
460,"Tami Tappan Damiano"
461,"Britney Spears"
462,"Debelah Morgan"
463,"Ant Clemons & Justin Timberlake"
464,"The Bangles"
465,"Billy Preston feat. Syreeta Wright"
466,"Los Lobos feat. Antonio Banderas"
467,"Little Boots"
468,"Teddybears"
469,"Jessie J feat. 2 Chainz"
470,"Sigala feat. John Newman & Nile Rodgers"
471,"Charlie Puth"
472,"50 Cent"
473,"George Noriega & Joel Someillan"
474,"Howard Greenfield & Jack Keller"
475,"Mark Snow"
476,"Miriam Makeba"
477,"Pitbull"
478,"Rochelle Diamante"
479,"Journey"
480,"El General"
481,"Sonny & Cher"
482,"Paolo Nutini"
483,"Sam & Dave"
484,"Cyndi Lauper"
485,"Billy Fury"
486,"Gwen Stefani"
487,"Shaggy"
488,"Kat DeLuna"
489,"Chris Brown"
490,"Jimmy Eat World"
491,"Emeli Sandé & The Bryan Ferry Orchestra"
492,"Mama Cass"
493,"The Animals"
494,"Indeep"
495,"James Morrison"
496,"Franz Ferdinand"
497,"Maurice Ravel"
498,"John Mayer"
499,"Lalo Schifrin"
500,"Erasure"
501,"Bootstraps"
502,"ZAYN"
503,"Rose Royce"
504,"The Champs"
505,"James Arthur"
506,"Daddy Yankee & Luis Fonsi"
507,"Dee C. Lee"
508,"Cole Porter feat.Stacey Kent"
509,"3 Doors Down"
510,"Survivor"
511,"Young MC"
512,"Mark Mueller"
513,"Bear McCreary"
514,"Bob James"
515,"Jim Henson & Sam Pottle"
516,"Rodrigo y Gabriela"
517,"Justin Bieber feat. J. Balvin"
518,"Phillip Phillips"
519,"Sister Sledge"
520,"Blake Shelton"
521,"AC/DC"
522,"John Altman"
523,"Kim Wilde"
524,"Jason Aldean"
525,"Georges Bizet"
526,"Kenny Rogers"
527,"Erich Kunzel"
528,"Maroon 5 featuring Christina Aguilera"
529,"Los Lobos featuring Antonio Banderas"
530,"Cody Simpson"
531,"Wilson Phillips"
532,"Sonny Bono"
533,"Gioachino Rossini"
534,"will.i.am"
535,"Kool & the Gang"
536,"The Wild Party"
537,"Rod Stewart"
538,"Josh Groban"
539,"Regina Belle"
540,"Florence + the Machine"
541,"Babyface"
542,"Julie London"
543,"Europe"
544,"The Summer Set"
545,"Musiq Soulchild"
546,"Earth, Wind and Fire"
547,"Leona Lewis"
548,"Diana Ross"
549,"New Order"
550,"Vince Hill"
551,"Daniel Powter"
552,"Judah Kelly"
553,"Luis Fonsi feat. Daddy Yankee"
554,"Quincy Jones"
555,"Grover Washington, Jr. & Bill Withers"
556,"Jimmie Allen"
557,"Lady Gaga & Ariana Grande"
558,"Lillix"
559,"Filter"
560,"Robbie Williams"
561,"Fergie, Q-Tip & GoonRock"
562,"Daddy Yankee"
563,"David Guetta feat. Sam Martin"
564,"Little Richard"
565,"Kermit the Frog"
566,"Al Burton, Gloria Loring & Alan Thicke"
567,"Beyoncé feat. Devin & Solange"
568,"The Righteous Brothers"
569,"Bryan Adams"
570,"Simply Red"
571,"from The Phantom of the Opera"
572,"Patti Page"
573,"Trans-X"
574,"Royal Crown Revue"
575,"Sam Palladio & Clare Bowen"
576,"Christina Perri"
577,"Tim McGraw"
578,"Daft Punk feat. Pharrell Williams"
579,"Gin Wigmore"
580,"Rihanna featuring Mikky Ekko"
581,"Def Leppard"
582,"Village People"
583,"Doris Day"
584,"Celia Cruz"
585,"Mariah Carey & Boyz II Men"
586,"Quiet Riot"
587,"Chic"
588,"Christina Aguilera"
589,"Bobby Brown"
590,"Israel Kamakawiwo'ole"
591,"Marc Broussard"
592,"Bill Haley & His Comets"
593,"Alicia Keys feat. Beyoncé"
594,"Landon Pigg"
595,"Kat DeLuna feat. Elephant Man"
596,"Sky Ferreira"
597,"Hailee Steinfeld"
598,"Lion Babe"
599,"Billie Eilish"
600,"Donell Jones"
601,"Camila Cabello"
602,"The White Stripes"
603,"Buddy Greco"
604,"Sugarland"
605,"Akon"
606,"Jason Mraz"
607,"The Dixie Cups"
608,"Santana feat. Pitbull"
609,"Rodrigo y Gabriela with John Tempesta"
610,"Lukas Graham"
611,"Jorge Quintero"
612,"Andra Day"
613,"Big Mama Thornton"
614,"Pyotr Ilyich Tchaikovsky"
615,"Belinda Carlisle"
616,"John Barry"
617,"Dead or Alive"
618,"The United States Air Force Band and the Rockies"
619,"Michael Giacchino"
620,"Beyoncé & André 3000"
621,"Leonard Bernstein"
622,"Johnny Mathis"
623,"Dolly Parton"
624,"The Eagles"
625,"Desperado Los Lobos & A Banderas"
626,"George Michael"
627,"from 42nd Street"
628,"Sweet"
629,"Enrique Iglesias feat. Ludacris"
630,"Five Stairsteps"
631,"Adam Clayton & Larry Mullen, Jr."
632,"Emily Wells"
633,"Fun."
634,"Jennifer Lopez"
635,"Paco Peña"
636,"Muse"
637," Jimi Hendrix"
638,"Canadian Brass"
639," The Pussycat Dolls"
640,"Empire cast feat. Estelle & Jussie Smollett"
641,"Thirty Seconds to Mars"
642,"J Balvin & Willy William"
643,"MAX feat. gnash"
644,"Camila Cabello feat. Young Thug"
645,"Jax Jones feat. Demi Lovato & Stefflon Don"
646,"Nelly"
647,"Mexicana Aleque la-Band"
648,"Gipsy Kings"
649,"Chris Cornell"
650,"Garbage"
651,"Gladys Knight"
652,"Thomas Newman, featuring Tambuco"
653,"Cardi B, Bad Bunny & J Balvin"
654,"The Primitives"
655,"The Veronicas"
656,"Los Fabulosos Cadillacs"
657,"50 Cent feat. Olivia"
658,"Alan Menken & Glenn Slater"
659,"Jason Derulo feat. Nicki Minaj & Ty Dolla Sign"
660,"Clean Bandit feat. Jess Glynne"
661,"Fulanito"
662,"Lara St. John"
663,"Outasight"
664,"Jason Derulo"
665,"Goo Goo Dolls"
666,"BJ the Chicago Kid"
667,"Jennifer Lopez feat. Iggy Azalea"
668,"Miley Cyrus"
669,"Owl City feat. Aloe Blacc"
670,"Ne-Yo"
671,"Jonny Lang"
672,"OneRepublic feat. Sara Bareilles"
673,"Elle King"
674,"John Williams"
675,"Gene Kelly"
676,"Sam Smith"
677,"James Horner & Simon Rhodes"
678,"Wyclef Jean feat. Claudette Ortiz"
679,"The Police"
680,"Paul Anka"
681,"Bebel Gilberto"
682,"Danny and the Juniors"
683,"The Pussycat Dolls feat. A. R. Rahman"
684,"Katy Perry feat. Juicy J"
685,"Black Joe Lewis & the Honeybears"
686,"The Swag Geeks feat. Brook Penning"
687,"Jessie Ware"
688,"Klaus Badelt"
689,"Randy Newman"
690,"Toni Basil"
691,"Kanye West"
692,"José Norman"
693,"Rodney Atkins"
694,"David Guetta featuring Sia"
695,"Leonard Cohen"
696,"Twisted Sister"
697,"Alice Cooper"
698,"Katherine Jenkins"
699,"Nino Rota"
700,"Bond"
701,"KC and the Sunshine Band"
702,"Ella Fitzgerald and Chick Webb"
703,"Bernadette Peters & Tom Wopat"
704,"DJ Kass"
705,"Ricky Campanelli"
706,"Nick Cave and the Bad Seeds"
707,"Sheena Easton"
708,"David Arnold & Nicholas Dodd"
709,"Jack White & Alicia Keys"
710,"Brittany Spears"
711,"from The King and I"
712,"Touch and Go"
713,"Johnny Rivers"
714,"Alberto Plaza"
715,"Walk the Moon"
716,"Youth Group"
717,"from Kinky Boots"
718,"Engelbert Humperdinck"
719,"Crystal Lake feat. Kifi"
720,"Raphaël Beau"
721,"Jodi Benson"
722,"Julie Andrews"
723,"Skylar Grey"
724,"Robin Thicke"
725,"Cynthia Fee"
726,"Fatboy Slim"
727,"Astrud Gilberto"
728,"Kelis"
729,"Captain & Tennille"
730,"Tavares"
731,"Consuelo Velázquez"
732,"John Paul Young"
733,"Chelo"
734,"Brian Setzer Orchestra"
735,"Bell Biv DeVoe"
736,"Pharrell feat. Justin Timberlake"
737,"Beyoncé"
738,"Alex Clare"
739,"Robin Williams"
740,"Bernard Herrmann"
741,"Bill Conti"
742,"Kyle Jacobs"
743,"Hector Lavoe"
744,"Edvard Grieg"
745,"Katherine Jenkins & Beverley Staunton"
746,"The Dandy Warhols"
747,"Thalía"
748,"Eve"
749,"Daniel Bedingfield"
750,"DJ Jazzy Jeff & The Fresh Prince"
751,"Chumbawamba"
752,"Phil Harris"
753,"Bob Seger"
754,"Chris Tomlin"
755,"Gavin James"
756,"Patti LaBelle"
757,"Ray Charles & Julia Rinker"
758,"Benoît Jutras"
759,"René Dupéré"
760,"Lily James"
761,"Paige O'Hara"
762,"The Eligibles"
763,"RJD2"
764,"Dave Porter"
765,"Larry Elgart"
766,"Toni Braxton"
767,"The Hit Crew"
768,"Billy Paul"
769,"Jamiroquai"
770,"Delbert McClinton"
771,"Luther Vandross"
772,"Corrine Bailey Rae"
773,"Reel 2 Real"
774,"T-Bone Burnett"
775,"Charlotte Church"
776,"Cher Lloyd"
777,"Julie Andrews & Dick Van Dyke"
778,"Jerry Orbach & Angela Lansbury"
779,"Ilene Woods"
780,"Des'ree"
781,"La Lupe"
782,"Mohombi"
783,"Peggy Lee"
784,"Marc Shaiman"
785,"Peter Allen"
786,"Electric Club Tango"
787,"The Rembrandts"
788,"NSYNC"
789,"The Four Tops"
790,"All Saints"
791,"Lillias White, LaChanze, Roz Ryan, Cheryl Freeman & Vanéese Y. Thomas"
792,"Simple Minds"
793,"Roy Orbison"
794,"The Revels"
795,"King Africa"
796,"Kevin Lyttle"
797,"Toby Keith"
798,"Simon Carpentier"
799,"District 78"
800,"James Bay"
801,"Jace Everett"
802,"Ja'net Dubois"
803,"Mary-Jess Leaverland"
804,"Timbaland feat. OneRepublic"
805,"Vishal Dadlani, Hamsika Iyer & Sricharan"
806,"Simon and Garfunkel"
807,"Jason Weaver, Laura Williams & Rowan Atkinson"
808,"Rod Taylor"
809,"Idina Menzel"
810,"Soft Cell"
811,"Phillip Bailey & Phil Collins"
812,"The Four Seasons"
813,"Glee cast"
814,"Jimmy Buffett"
815,"INXS"
816,"Sepalot feat. Ladi6"
817,"Otros Aires"
818,"Harry Connick Jr."
819,"Bonnie Tyler"
820,"Lee Greenwood"
821,"The Guess Who"
822,"Kreesha Turner"
823,"Natasha Bedingfield"
824,"Larry Carlton"
825,"Anita Baker"
826,"Hugh Jackman, BriaAndChrissy, Keala Settle, Zac Efron & Zendaya"
827,"Benjamin Bratt"
828,"Leslie Odom Jr."
829,"Joshua Bassett"
830,"Campo"
831,"Lionel Richie & Diana Ross"
832,"The Black Crowes"
833,"Conjunto Tipico Del Tango"
834,"Brian Setzer"
835,"Ástor Piazzolla"
836,"Dickie Jones"
837,"Sia"
838,"Kristen Bell & Idina Menzel"
839,"Dick Van Dyke"
840,"Cliff Edwards"
841,"Danny Elfman"
842,"Sam Sparro"
843,"Chuck Lorre & Dennis C. Brown"
844,"The Shirelles"
845,"Ruth Brown"
846,"David Bowie"
847,"Usher feat. Nicki Minaj"
848,"Joey Fatone"
849,"Hans Zimmer"
850,"Julie Covington"
851,"T. Rex"
852,"Kid Creole and the Coconuts"
853,"from Chitty Chitty Bang Bang"
854,"from Cinderella"
855,"Shania Twain"
856,"Samuel E. Wright"
857,"Monty Python"
858,"Jim Jacobs & Warren Casey"
859,"Frank Loesser"
860,"Andrew Lloyd Webber"
861,"Joss Stone"
862,"Copacabana"
863,"Martin Solveig"
864,"Fantasia Barrino"
865,"Clairy Browne & the Bangin' Rackettes"
866,"James Cagney"
867," Lipps Inc."
868,"Carlos Di Sarli"
869,"The Monkees"
870,"Rachel Platten"
871,"Glen Hansard & Markéta Irglová"
872,"Mindy Gledhill"
873,"Curtis Mayfield"
874,"Gloria Gaynor"
875,"Jenifer Lewis"
876,"Dick Van Dyke & Julie Andrews"
877,"Electric Light Orchestra"
878,"Depeche Mode"
879,"Sérgio Mendes"
880,"War"
881,"Owl City"
882,"Donny Osmond (performed live)"
883,"ZZ Ward"
884,"Amy Adams"
885,"Brad Kane & Lea Salonga"
886,"Pat Carroll"
887,"Kristen Bell & Santino Fontana"
888,"Guy Dubuc & Marc Lessard"
889,"Dan + Shay"
890,"Beans & Fatback"
891,"Ruelle"
892,"Calvin Harris & Alesso feat. Hurts"
893,"Tamar Braxton"
894,"Unidad de Musica de la Guardia Real"
895,"Musical Youth"
896,"Cheryl feat. Tinie Tempah"
897,"Oscar d'Leon"
898,"Ray Charles & The Blues Brothers"
899,"Hunter Hayes"
900,"Jana Kramer"
901,"Icona Pop feat. Charli XCX"
902,"Calvin Harris"
903,"Jonathan Larson"
904,"Steve Miller Band"
905,"The Foundations"
906,"Martha and the Vandellas"
907,"Smokey Robinson"
908,"Smokey Robinson & the Miracles"
909,"Kool & The Gang"
910,"Katrina and the Waves"
911,"The Kinks"
912,"Us the Duo"
913,"The Fray"
914,"Nick Lachey"
915,"Edoardo Bennato"
916,"Bette Midler, Sarah Jessica Parker & Kathy Najimy"
917,"Donny Osmond"
918,"Jason Weaver, Rowan Atkinson & Laura Williams"
919,"Brooks and Dunn"
920,"John Powell"
921,"Auliʻi Cravalho (performed live)"
922,"Martina McBride"
923,"Leon Russell"
924,"Backstreet Boys"
925,"Queen and David Bowie"
926,"from The Addams Family"
927,"Kenny Chesney"
928,"Dolly Parton & Kenny Rogers"
929,"C+C Music Factory"
930,"José Feliciano"
931,"Ray Parker Jr."
932,"Charlie Daniels Band"
933,"Big & Rich"
934,"Deadmau5 feat. Rob Swire"
935,"Jordin Sparks & Chris Brown"
936,"Angel Melendez"
937,"Orianthi"
938,"Wilfred Jackson & Bert Lewis"
939,"Auliʻi Cravalho"
940,"Carlos Vives"
941,"Christopher Walken"
942,"Bob Wilson & his Varsity Rhythm Boys"
943,"LeAnn Rimes"
944,"Agustín Lara"
945,"Vanessa Carlton"
946,"Screamin' Jay Hawkins"
947,"Xavier Cugat"
948,"Mr Probz"
949,"Jack Garratt"
950,"Yves V feat. Mike James"
951,"Florence + The Machine"
952,"A. R. Rahman"
953,"Andy Grammer"
954,"Aaron Krause feat. Liza Anne"
955,"Buena Vista Social Club"
956,"Bananarama"
957,"Enrique Iglesias feat. Gente de Zona, Descemer Bueno & Sean Paul"
958,"Dinah Shore"
959,"Hayley Westenra"
960,"Usher"
961,"Major Lazer feat. Busy Signal, The Flexican & FS Green"
962,"Shakira feat. Rihanna"
963,"Awolnation"
964,"Ana Tijoux"
965,"Warren Zevon"
966,"Janelle Monáe"
967,"Diana Krall"
968,"Johnny Pearson"
969,"Klaus Hallen"
970,"Nikki Yanofsky"
971,"Phil Harris & Bruce Reitherman"
972,"Jessie James Decker"
973,"JP Cooper"
974,"Tevin Campbell"
975,"Billy & the Beaters"
976,"Cole Porter"
977,"Liza Minnelli"
978,"Kaoma"
979,"Squirrel Nut Zippers"
980,"Rufus Wainwright"
981,"Heart"
982,"TLC"
983,"Scott Bradlee & Postmodern Jukebox"
984,"U2"
985,"Betty Everett"
986,"The Corrs"
987,"Lauren Wood"
988,"Arianna feat. Pitbull"
989,"Chromeo"
990,"Jennifer Lopez feat. Pitbull"
991,"Rockwell"
992,"Wisin feat. Ricky Martin & Jennifer Lopez"
993,"Miss Li"
994,"Hall & Oates"
995,"Mark Ronson feat. Amy Winehouse"
996,"Canned Heat"
997,"Pedro Gomez"
998,"Cupid"
999,"Frankie Lymon and the Teenagers"
1000,"Jason Weaver,"
1001,"Joni Mitchell"
1002,"Jagged Edge, featuring RUN"
1003,"Lewis Capaldi"
1004,"Jesse Corti & Richard White"
1005,"Lana Del Rey"
1006,"Dove Cameron, Sofia Carson,"
1007,"Jazmine Sullivan"
1008,"Randy Crawford"
1009,"Travis Tritt"
1010,"Aaron Copland"
1011,"Cameo"
1012,"Petty Booka"
1013,"Meghan Trainor feat. John Legend"
1014,"The Manhattan Transfer"
1015,"Marvin Gaye and Kim Weston"
1016,"Louis Prima & Keely Smith"
1017,"Gwen Verdon"
1018,"Lorde"
1019,"Emeli Sandé"
1020,"Marie Miller"
1021,"The Ames Brothers"
1022,"Paloma Faith"
1023,"NONONO"
1024,"Cher"
1025,"Santana feat. The Product G&B"
1026,"Pitbull feat. Papayo"
1027,"Johann Pachelbel"
1028,"Tito Puente, Jr."
1029,"Jordan Fisher feat. Lin-Manuel Miranda"
1030,"Indila"
1031,"Lauryn Hill"
1032,"Jim Brickman & Wayne Brady"
1033,"Bruce Adler"
1034,"Melora Hardin"
1035,"Snap!"
1036,"John Waite"
1037,"Semyon Bychkov & Orchestre de Paris"
1038,"Jem"
1039,"Secondhand Serenade"
1040,"Bob Wilson & His Varsity Rhythm Boys"
1041,"Carl Orff"
1042,"MGMT"
1043,"Selena Gomez"
1044,"Sérgio Mendes feat. The Black Eyed Peas"
1045,"Eagles"
1046,"Major Lazer feat. Nyla & Fuse ODG"
1047,"The Chiffons"
1048,"Martynas Levickis"
1049,"Bastille"
1050,"Martin Garrix feat. Usher"
1051,"Rolling Stones"
1052,"Woodkid"
1053,"Billy Vera & The Beaters"
1054,"Sly & The Family Stone"
1055,"Lee Roy Reams"
1056,"Burt Bacharach"
1057,"Wolfgang Mozart"
1058,"Franz Schubert (performed by Jackie Evancho)"
1059,"Giuseppe Verdi (performed by Vittorio Grigolo)"
1060,"Sergei Prokofiev"
1061,"Scorpions"
1062,"Stealers Wheel"
1063,"Los Lonely Boys"
1064,"Christa Behnke"
1065,"Kevin Rudolf & Lil Wayne"
1066,"Louis Armstrong & Ella Fitzgerald"
1067,"Anna Nalick"
1068,"The Score"
1069,"Will Smith feat. Dru Hill & Kool Moe Dee"
1070,"Justin Timberlake, featuring Timbaland"
1071,"Chiwetel Ejiofor"
1072,"Klaus Badelt & Hans Zimmer"
1073,"X Ambassadors & Jamie N Commons"
1074,"Annie Lennox"
1075,"La Roux"
1076,"Bo Diddley"
1077,"Orquesta Color Tango de Roberto Alvarez"
1078,"Lalo Schifrin & Orchestra Ensemble"
1079,"Ozzy Osbourne"
1080,"Common feat. Pharrell Williams"
1081,"Andrea Bocelli feat. Jennifer Lopez"
1082,"Postmodern Jukebox feat. Addie Hamilton"
1083,"The Pierces"
1084,"Ella Henderson"
1085,"Kongos"
1086,"Miranda Lambert & Carrie Underwood"
1087,"Tammy Wynette"
1088,"Jim Croce"
1089,"Sarah McLachlan"
1090,"The Notorious B.I.G."
1091,"Teddybears feat. Mad Cobra"
1092,"Amos Lee"
1093,"Stevie Ray Vaughan"
1094,"Manuel Panella"
1095,"Foreigner"
1096,"Portugal. The Man"
1097,"Sheila E."
1098,"Smash cast feat. Megan Hilty"
1099,"Lifehouse"
1100,"Florence and the Machine"
1101,"Prince"
1102,"Eddie Cochran"
1103,"Angela Via feat. Joe Budden"
1104,"Deana Carter"
1105,"Sheppard"
1106,"Ella Fitzgerald & Louis Armstrong"
1107,"Glenn Miller"
1108,"Marian Hill"
1109,"The Script feat. will.i.am"
1110,"David Garrett & Royal Philharmonic Orchestra"
1111,"Debbie Reynolds, Gene Kelly & Donald O'Connor"
1112,"Bill Medley & Jennifer Warnes"
1113,"Ginuwine"
1114,"from The Mask"
1115,"from Singin' in the Rain"
1116,"Quindon Tarver"
1117,"BC Jean"
1118,"Rick Springfield"
1119,"Dario G"
1120,"MC Hammer"
1121,"Les Tambours du Bronx"
1122,"John Travolta"
1123,"Kenny Rogers feat. Dolly Parton"
1124,"Pablo Cruise"
1125,"Bobby McFerrin"
1126,"Cream"
1127,"Shiny Toy Guns"
1128,"Arthur Murray Orchestra"
1129,"Sevdaliza"
1130,"Lord Huron"
1131,"Cobra Starship, featuring Leighton Meester"
1132,"Green Day"
1133,"Stockard Channing,"
1134,"John Travolta & Jeff Conaway"
1135,"Frankie Avalon"
1136,"Sha Na Na"
1137,"Evanescence"
1138,"Quantic & Nikodemus"
1139,"The Commodores"
1140,"The Newbeats"
1141,"Calvin Harris feat. Ellie Goulding"
1142,"Jane Monheit"
1143,"Emily Browning"
1144,"Avicii feat. Sterling Fox & Audra Mae"
1145,"Hermes House Band"
1146,"X Ambassadors"
1147,"David Guetta feat. Skylar Grey"
1148,"Evanescence feat. Paul McCoy"
1149,"Salt-N-Pepa"
1150,"Rob Base and DJ E-Z Rock"
1151,"Christina Aguilera & Blake Shelton"
1152,"Preservation Hall Jazz Band"
1153,"Bonde do Rolê feat. Rizzle Kicks"
1154,"Blue Foundation"
1155,"The Cat Empire"
1156,"Black Oak Arkansas"
1157,"The Jacksons"
1158,"Mariano Mores"
1159,"Duffy"
1160,"Carole King"
1161,"Martin Garrix"
1162,"Lindsey Stirling"
1163,"Rob Base & DJ E-Z Rock"
1164,"Stockard Channing"
1165,"The Tractors"
1166,"Indigo Swing"
1167,"Manuel Penella"
1168,"Anastacia"
1169,"Kool and the Gang"
1170,"Bastille feat. Gabrielle Aplin"
1171,"Anthony Hamilton & Elayna Boynton"
1172,"Earl St. Clair"
1173,"Kate Hudson"
1174,"Vampire Weekend"
1175,"The Black Keys"
1176,"Alan Menken"
1177,"Grace feat. G-Eazy"
1178,"The Doors"
1179,"Marilyn Manson"
1180,"Red Hot Chili Peppers"
1181,"Mary Wells"
1182,"Joe Arroyo"
1183,"Ketty Lester"
1184,"Alexandra Stan"
1185,"The Andrew Sisters"
1186,"Major Lazer feat. The Partysquad"
1187,"Bajofondo"
1188,"Ricki-Lee Coulter"
1189,"Cab Calloway"
1190,"Wisin"
1191,"John Newman"
1192,"Mazzy Star"
1193,"E.S. Posthumus"
1194,"Alacran"
1195,"John Travolta and Olivia Newton-John"
1196,"Run-D.M.C."
1197,"from The Passion of the Christ"
1198,"Tommy Sparks"
1199,"Chase Holfelder"
1200,"RAIGN"
1201,"Chris De Burgh"
1202,"The Go-Go's"
1203,"The Ides of March"
1204,"The Chainsmokers feat. Daya"
1205,"2WEI"
1206,"David Hirschfelder & The Bogo Pogo Orchestra"
1207,"Nathaniel Rateliff & the Night Sweats"
1208,"Disturbed"
1209,"Pitbull feat. John Ryan"
1210,"Gerard McMann"
1211,"Marc Anthony"
1212,"Timbaland featuring Keri Hilson and D.O.E."
1213,"Carmen Miranda"
1214,"Chubby Checker"
1215,"Was (Not Was)"
1216,"The Baseballs"
1217,"Usher feat. Lil' Jon & Ludacris"
1218,"Avril Lavigne feat. Chad Kroeger"
1219,"The Coasters"
1220,"A.P.P.A.R.T."
1221,"David Guetta feat. Nicki Minaj"
1222,"Lipps Inc."
1223,"Elvis Crespo"
1224,"69 Boyz"
1225,"from Dreamgirls"
1226,"Tape Five feat. Henrik Wager"
1227,"District 78 feat. Patrice Covington"
1228,"Kim Petras"
1229,"Daniel Jang"
1230,"Måneskin"
1231,"P!nk"
1232,"Taylor Dayne"
1233,"Otros Aires Electronic Tango Orchestra"
1234,"Tom Petty"
1235,"Leo Sayer"
1236,"Ella Mae Bowen"
1237,"Haley Reinhart"
1238,"DJ Snake & Lil Jon"
1239,"Jason Derulo feat. 2 Chainz"
1240,"Deee-Lite"
1241,"Panjabi MC"
1242,"Hardwell"
1243,"Bonde do Rolê"
1244,"Sergio Mendes"
1245,"Proyecto Uno"
1246,"Sérgio Mendes feat. Carlinhos Brown"
1247,"Niall Horan"
1248,"Years & Years"
1249,"Michael Buble"
1250,"Luniz feat. Michael Marshall"
1251,"Ciara"
1252,"Letters To Cleo"
1253,"Nicki Minaj"
1254,"Stevie Wonder feat. Ariana Grande"
1255,"Christina Grimmie"
1256,"Cy Coleman"
1257,"Thurston Harris and the Sharps"
1258,"MIKA"
1259,"X Ambassadors & Jamie N Commons feat. Jay-Z"
1260,"Christian TV"
1261,"Nikki Williams"
1262,"Bugsy Malone"
1263,"Gregor Salto"
1264,"Jean Knight"
1265,"Osvaldo Pugliese"
1266,"Janelle Monáe feat. Big Boi"
1267,"Seth MacFarlane"
1268,"Andrews Sisters"
1269,"Dinah Washington"
1270,"The Young Rascals"
1271,"Ben E. King"
1272,"Bailongo"
1273,"Frankie Valli"
1274,"Ariana Grande feat. Iggy Azalea"
1275,"LMFAO"
1276,"Noisettes"
1277,"Benny Goodman"
1278,"Cowboy Troy"
1279,"Earth, Wind, and Fire"
1280,"Leo Soul"
1281,"Unit 4 + 2"
1282,"Oh the Larceny"
1283,"Rumer Willis"
1284,"Cash Cash feat. Julia Michaels"
1285,"Kiesza"
1286,"Wayne Beckford"
1287,"Prince Royce feat. Jennifer Lopez & Pitbull"
1288,"The Proclaimers"
1289,"Mariah Carey & Whitney Houston"
1290,"Irene Cara"
1291,"The Weeknd feat. Ed Sheeran"
1292,"Bakermat feat. Alex Clare"
1293," MKTO"
1294," Goodwill & Hook n Sling"
1295,"Tori Kelly"
1296,"Justin Bieber"
1297,"Alexander Jean"
1298,"Calvin Harris feat. John Newman"
1299,"Nikki & Rich"
1300,"Macklemore & Ryan Lewis"
1301,"Shakira feat. Wyclef Jean"
1302,"Madeon"
1303,"Ludovic Bource"
1304,"Labrinth feat. Emeli Sandé"
1305,"Usher feat. Lil Jon & Ludacris"
1306,"The Cinematic Orchestra feat. Patrick Watson"
1307,"NEEDTOBREATHE feat. Gavin DeGraw"
1308,"Keala Settle"
1309,"Jason Mraz & Colbie Caillat"
1310,"Spin Doctors"
1311,"The Marvelettes"
1312,"Zedd feat. Hayley Williams"
1313,"DOROTHY"
1314,"James Vincent McMorrow"
1315,"Diplo feat. Faustix & Imanos and Kai"
1316,"Koji Kondo"
1317,"Sleeping at Last"
1318,"Juanes"
1319,"Justin Bieber feat. Nicki Minaj"
1320,"Yin Yang Twins feat. Pitbull"
1321,"Fleetwood Mac"
1322,"Saint Jhn"
1323,"Rihanna feat. Calvin Harris"
1324,"The Piano Guys"
1325,"Nathan Sykes feat. Ariana Grande"
1326,"Nathan Lanier"
1327,"The Sugarhill Gang"
1328,"Kimberly Cole"
1329,"Héctor Lavoe"
1330,"Rayelle"
1331,"Lee Ann Womack feat. Sons of the Desert"
1332,"Anika Noni Rose"
1333,"Myon"
1334,"Parov Stelar"
1335,"Alesso feat. Ryan Tedder"
1336,"Empire cast feat. Jussie Smollett & Pitbull"
1337,"The Osmonds"
1338,"Kylie Minogue"
1339,"Jonas Brothers"
1340,"Taco feat. tomX"
1341,"Escala"
1342,"Jon Batiste"
1343,"Carmen Twillie & Lebo M."
1344,"Newsies cast"
1345,"Russell Watson"
1346,"Sean Kingston"
1347,"Missy Elliott feat. Pharrell Williams"
1348,"Felix Jaehn feat. Hight & Alex Aiono"
1349,"Avicii feat. Sandro Cavazza"
1350,"Alex Newell, Jess Glynne & DJ Cassidy with Nile Rodgers"
1351,"Don Omar & Lucenzo"
1352,"DJ Khaled feat. T-Pain, Ludacris, Rick Ross & Snoop Dogg"
1353,"Shawn Mendes & Camila Cabello"
1354,"Kina Grannis"
1355,"Pitbull feat. Theron Theron"
1356,"Aly & AJ"
1357,"Forever Tango"
1358,"Paula Cole"
1359,"Timeflies"
1360,"Prince & The Revolution"
1361,"Jennifer Lopez feat. DJ Khaled & Cardi B"
1362,"Louisa feat. 2 Chainz"
1363,"Luke Combs"
1364,"Daddy Yankee feat. Snow"
1365,"Waylon Jennings"
1366,"Martynas"
1367,"David Guetta feat. Sia"
1368,"Lenii"
1369,"Bishop Briggs"
1370,"Al Green"
1371,"Santana feat. Rob Thomas"
1372,"Selena"
1373,"Lady Gaga & Bradley Cooper"
1374,"Michael Sembello"
1375,"Meryl Streep"
1376,"Armin van Buuren feat. Cimo Fränkel"
1377,"Gamu"
1378,"Missy Elliott feat. Ciara & Fat Man Scoop"
1379,"New Kids on the Block"
1380,"Tiffany"
1381,"DeBarge"
1382,"Matt Beilis"
1383,"SBTRKT feat. Ezra Koenig"
1384,"Lil Nas X feat. Billy Ray Cyrus"
1385,"Sarah Bockel"
1386,"Marky Mark and the Funky Bunch"
1387,"Doja Cat feat. Nicki Minaj"
1388,"JD McCrary,"
1389,"Ariana Grande & John Legend"
1390,"Grace Potter & The Nocturnals"
1391,"Cast of High School Musical"
1392,"Zayn & Zhavia Ward"
1393,"Vincint"
1394,"Helmut Vonlichten"
1395,"Intermezzo Orchestra"
1396,"MILCK"
1397,"Lauren Alaina"
1398,"Cast of The Rocky Horror Picture Show"
1399,"Calum Scott & Leona Lewis"
1400,"Jennifer Lopez feat. Gente de Zona"
1401,"Malachi Barton"
1402,"Tinashe feat. Schoolboy Q"
1403,"Ariana Grande & Justin Bieber"
1404,"The Tony Rich Project"
1405,"Ava Max"
1406,"Clint Mansell & Kronos Quartet"
1407,"CLiQ feat. Alika"
1408,"Missy Elliott"
1409,"Bobby Pickett"
1410,"Chris Isaak"
1411,"Styx"
1412,"Pat Benatar"
1413,"Kaleo"
1414,"Montell Jordan"
1415,"Ally Brooke feat. Matoma"
1416,"Barns Courtney"
1417,"Dimie Cat"
1418,"Linda Ronstadt"
1419,"Right Said Fred"
1420,"Judy Kuhn"
1421,"Alan Menken & David Zippel"
1422,"Mandy Moore"
1423,"Lea Salonga"
1424," Tupac feat. Dr. Dre & Roger Troutman"
1425,"Amy Winehouse feat. Mark Ronson"
1426,"SYML"
1427,"José Feliciano,"
1428,"Atwater Men's Club"
1429,"John Denver"
1430,"Junior Senior"
1431,"Carly Pearce"
1432,"Dierks Bentley feat. Brothers Osborne"
1433,"Noah Cyrus"
1434,"Ella Mae Bowen & Bonnie Tyler"
1435,"Jonas Brothers & Karol G"
1436,"Sam Smith & Normani"
1437,"LANCO"
1438,"Chris Stapleton"
1439,"Chris Janson"
1440,"JP Saxe & Julia Michaels"
1441,"Merry Clayton"
1442,"The Chicks"
1443,"Gloria Estefan & Miami Sound Machine"
1444,"from Forever Tango"
1445,"Andra Day & Common"
1446,"Zac Efron & Zendaya"
1447,"The Weeknd & Kendrick Lamar"
1448,"Austin French"
1449,"Björk"
1450,"Bill Withers"
