"primary_song_id","primary_song","primary_song_artist_id"
1,"""Sweet Dreams (Are Made of This)""",1
2,"""Wait a Minute""",2
3,"""Taking Chances""",3
4,"""Live Like We're Dying""",4
5,"""Drops of Jupiter (Tell Me)""",5
6,"""The First Time Ever I Saw Your Face""",6
7,"""A Girl Like You""",7
8,"""For Your Entertainment""",8
9,"""Try Sleeping with a Broken Heart""",9
10,"""This Woman's Work""",10
11,"""Violentango""",11
12,"""Nothin' on You""",12
13,"""Sweet Dreams (Are Made Of This)""",13
14,"""I Can't Make You Love Me""",14
15,"""Yesterday""",15
16,"""La Cumparsita""",16
17,"""Umbrella""",17
18,"""Somebody to Love""",18
19,"""Oye Como Va""",19
20,"""Tilt Ya Head Back""",20
21,"""Fool in Love""",21
22,"""Uptown Girl""",22
23,"""Mony Mony""",23
24,"""I Like The Way (You Move)""",24
25,"""P.Y.T. (Pretty Young Thing)""",25
26,"""Krazy""",26
27,"""(You Make Me Feel Like) A Natural Woman""",27
28,"""Hot Stuff""",28
29,"""I Wonder Why""",29
30,"""King of Anything""",30
31,"""Stray Cat Strut""",31
32,"""Smooth""",32
33,"""Doing It To Death""",33
34,"""Are You My Woman (Tell Me So)""",34
35,"""God Only Knows""",35
36,"""Pride and Joy""",36
37,"""Bang Bang""",37
38,"""Mellow Yellow""",38
39,"""Request Line""",39
40,"""California Gurls""",40
41,"""It's Just Begun""",41
42,"""Beggin'""",42
43,"""Nasty""",43
44,"""Lips Are Movin""",44
45,"""Walkin' My Baby Back Home""",45
46,"""Don't Cha""",46
47,"""I Hear a Symphony""",47
48,"""A Deeper Love""",27
49,"""Let's Do It, Let's Fall in Love""",48
50,"""Tonight (I'm Lovin' You)""",49
51,"""Too Darn Hot""",50
52,"""I Want My Mullet Back""",51
53,"""Strangers in the Night""",52
54,"""You Should Be Dancing""",53
55,"""Mandy""",54
56,"""Dancing In The Street""",55
57,"""Baby Love""",47
58,"""Son of a Preacher Man""",56
59,"""Good Time""",57
60,"""What Makes You Beautiful""",58
61,"""You Know I'm No Good""",59
62,"""Big Spender""",60
63,"""Give It 2 U""",61
64,"""Lake Michigan""",62
65,"""Dynamite""",63
66,"""If I Ain't Got You""",9
67,"""Blurred Lines""",64
68,"""Domino""",65
69,"""Stronger (What Doesn't Kill You)""",66
70,"""She Bangs""",67
71,"""What a Wonderful World""",68
72,"""I Want You Back""",69
73,"""I Never Loved a Man (The Way I Love You)""",70
74,"""I Like It""",71
75,"""I'm Every Woman""",72
76,"""Club Can't Handle Me""",73
77,"""Don't Know Why""",74
78,"""Jumpin' Jack Flash""",75
79,"""I Wish I Were in Love Again""",52
80,"""Play That Funky Music""",76
81,"""The Pink Panther Theme""",77
82,"""I Heard It Through the Grapevine""",36
83,"""(Up a) Lazy River""",78
84,"""Shut Up and Drive""",79
85,"""This Ain't a Love Song""",80
86,"""My First Kiss""",81
87,"""Mr. Put It Down""",82
88,"""Ain't Too Proud to Beg""",83
89,"""The Killing Moon""",84
90,"""TiK ToK""",85
91,"""Kiss from a Rose""",86
92,"""Rescue Me""",87
93,"""I'll Be""",88
94,"""That's Life""",52
95,"""Kung Fu Fighting""",89
96,"""Grace Kelly""",90
97,"""All That Jazz""",91
98,"""What the World Needs Now Is Love""",92
99,"""25 Miles""",93
100,"""Vito's Waltz""",94
101,"""Addicted to Love""",95
102,"""Are You Lonesome Tonight?""",96
103,"""Good Time Good Life""",97
104,"""Bills""",98
105,"""What I Like About You""",99
106,"""Shake a Tail Feather""",100
107,"""Can't Stop Dancin'""",101
108,"""Sax""",102
109,"""G.D.F.R.""",103
110,"""Moondance""",104
111,"""This Will Be (An Everlasting Love)""",105
112,"""Tell Her""",107
113,"""Material Girl""",108
114,"""How Sweet It Is (To Be Loved By You)""",36
115,"""Chain of Fools""",27
116,"""The Power of Love""",109
117,"""I Was Made to Love Her""",110
118,"""Cheek to Cheek""",50
119,"""True""",111
120,"""Walkin' on the Sun""",112
121,"""Saving All My Love For You""",113
122,"""Disco Inferno""",114
123,"""I Just Wanna Make Love to You""",115
124,"""Party Rock Anthem""",116
125,"""Call Me Irresponsible""",78
126,"""Blow Me (One Last Kiss)""",117
127,"""Love Song""",30
128,"""Story of My Life""",58
129,"""Walk Away""",66
130,"""Somewhere Only We Know""",118
131,"""Star Wars Theme""",119
132,"""Cry Baby""",120
133,"""Last Friday Night (T.G.I.F.)""",122
134,"""Satellite""",123
135,"""Tears Dry on Their Own""",59
136,"""If I Lose Myself""",124
137,"""Pack Up""",125
138,"""Wings""",126
139,"""Imagine""",127
140,"""Daylight""",128
141,"""Yellow""",129
142,"""Ac-Cent-Tchu-Ate the Positive""",27
143,"""Sugar Town""",130
144,"""Dedication to My Ex (Miss That)""",131
145,"""I Run to You""",132
146,"""Glad You Came""",133
147,"""Sherry""",134
148,"""Your Song""",135
149,"""Romeo""",136
150,"""When Love Takes Over""",138
151,"""Do I Do""",110
152,"""Close to Me""",139
153,"""Bubbly""",140
154,"""Low""",141
155,"""Feeling Good""",142
156,"""The More I See You""",143
157,"""Crazy""",144
158,"""We Are the Champions""",121
159,"""Cry Me Out""",145
160,"""Signed, Sealed, Delivered I'm Yours""",110
161,"""All-American Girl""",146
162,"""No Excuses""",44
163,"""Lost in Your Eyes""",148
164,"""Like That""",102
165,"""Our House""",149
166,"""Crazy in Love""",150
167,"""I Wanna Dance with Somebody (Who Loves Me)""",113
168,"""Wannabe""",151
169,"""Cupid""",152
170,"""Hold You In My Arms""",153
171,"""Hungry Like the Wolf""",154
172,"""It's My Life""",155
173,"""I Got You (I Feel Good)""",156
174,"""Wild Thing""",157
175,"""Just Dance""",158
176,"""Train in Vain""",159
177,"""It is You (I Have Loved)""",160
178,"""She's Always a Woman""",22
179,"""What Is Love""",161
180,"""Move""",162
181,"""Cuban Pete""",163
182,"""Lady Marmalade""",164
183,"""Footloose""",165
184,"""Uptown Funk""",166
185,"""Live Life""",167
186,"""That's What I Like""",168
187,"""'Deed I Do""",170
188,"""Ain't Got Far to Go""",171
189,"""Sweet Caroline""",172
190,"""Confident""",173
191,"""Treasure""",174
192,"""Do Your Thing""",136
193,"""I Feel for You""",72
194,"""Cheerleader""",175
195,"""The Way You Move""",176
196,"""Bewitched""",177
197,"""A Little Less Conversation""",96
198,"""King of the Road""",178
199,"""Birthday""",122
200,"""Born to Be Wild""",179
201,"""Let's Hear It for the Boy""",180
202,"""Two Hearts""",181
203,"""Hey Daddy""",182
204,"""Get Busy""",183
205,"""Set Fire to the Rain""",184
206,"""Shout""",185
207,"""All Night""",186
208,"""Burn""",187
209,"""Timber""",188
210,"""Moves Like Jagger""",189
211,"""Breakaway""",66
212,"""This Year's Love""",190
213,"""Dancing in the Street""",191
214,"""Weird Science""",192
215,"""Clarity""",193
216,"""Feel Again""",124
217,"""Live While We're Young""",58
218,"""Ain't No Mountain High Enough""",194
219,"""International Love""",195
220,"""Is You Is or Is You Ain't My Baby""",196
221,"""Neutron Dance""",197
222,"""Emotion""",198
223,"""Top Hat, White Tie and Tails""",199
224,"""Ain't That a Kick in the Head?""",200
225,"""Should I Stay or Should I Go""",159
226,"""Cooler Than Me""",201
227,"""Forget You""",120
228,"""Black Mambo""",202
229,"""I Do the Jerk""",203
230,"""Lover, Come Back to Me""",204
231,"""Coconut Woman""",205
232,"""Get on Your Feet""",206
233,"""I Got a Girl""",207
234,"""Mama Told Me (Not to Come)""",208
235,"""Kiss Me, Honey Honey, Kiss Me""",209
236,"""Life After You""",210
237,"""Break Your Heart""",63
238,"""Them Girls""",211
239,"""Sissy That Walk""",212
240,"""Centerfield""",213
241,"""When You Believe""",214
242,"""Finesse""",174
243,"""Money Maker""",215
244,"""There's Nothing Holdin' Me Back""",216
245,"""Come Get It Bae""",217
246,"""Woman""",218
247,"""Three Times A Lady""",219
248,"""Respect""",27
249,"""I Have Nothing""",113
250,"""September""",220
251,"""Hold Me Closer""",221
252,"""Barbra Streisand""",223
253,"""Butter""",224
254,"""Hey Ya!""",225
255,"""Juice""",226
256,"""The Way I Are""",227
257,"""Simply Irresistible""",95
258,"""Gimme All Your Lovin'""",228
259,"""You Ain't Seen Nothing Yet""",229
260,"""You Light Up My Life""",230
261,"""Nothin' but a Good Time""",231
262,"""Moon River""",232
263,"""Let Me Love You (Tiësto Remix)""",233
264,"""Make Something Beautiful""",234
265,"""Go, Cubs, Go""",235
266,"""New York, New York (FWB Remix)""",236
267,"""Juicy Wiggle""",237
268,"""I Lived""",124
269,"""Physical""",238
270,"""Here""",239
271,"""Ice Ice Baby""",240
272,"""Dangerous Woman""",241
273,"""Sparkling Diamonds""",242
274,"""Motownphilly""",243
275,"""Move (You're Steppin' on My Heart)""",244
276,"""In the Night""",245
277,"""Marvin Gaye""",246
278,"""Hey, Good Lookin'""",247
279,"""Whistle (While You Work It)""",248
280,"""You're the First, the Last, My Everything""",249
281,"""Take On Me""",250
282,"""Dance with Me Tonight""",251
283,"""Drop It Like It's Hot""",252
284,"""The Way You Look Tonight""",52
285,"""Shake It Off""",253
286,"""Right Now""",254
287,"""(Your Love Keeps Lifting Me) Higher and Higher""",255
288,"""Independent Women Part I""",198
289,"""Don't Get Me Wrong""",256
290,"""Lust for Life""",257
291,"""Bop to the Top""",258
292,"""Jump""",259
293,"""Redneck Woman""",260
294,"""Everybody Talks""",261
295,"""Five Months, Two Weeks, Two Days""",262
296,"""Black Betty""",263
297,"""Money (That's What I Want)""",264
298,"""Counting Stars""",124
299,"""Beyond the Sea""",78
300,"""Girlfriend""",265
301,"""Some Kind of Wonderful""",266
302,"""Wild Ones""",267
303,"""Straight to Memphis""",268
304,"""Tiny Dancer""",135
305,"""I've Got the Music in Me""",269
306,"""Witchcraft""",52
307,"""Good Feeling""",270
308,"""The Show""",271
309,"""Best of My Love""",272
310,"""Lifestyles of the Rich and Famous""",273
311,"""Careless Whisper""",274
312,"""If My Friends Could See Me Now""",275
313,"""I'm Like a Bird""",276
314,"""Zoot Suit Riot""",277
315,"""Take My Breath Away""",278
316,"""Sweet Soul Music""",279
317,"""Blue Skies""",182
318,"""Ding Dong Daddy of the D-Car Line""",277
319,"""Mambo Gozon""",280
320,"""I Want You To Want Me""",281
321,"""La Comay""",282
322,"""Americano""",283
323,"""My Lovin' (You're Never Gonna Get It)""",284
324,"""Man With the Hex""",285
325,"""Bossa Nova Hand Dance (Deixa Isso Pra La)""",286
326,"""These Arms of Mine""",287
327,"""Sex Bomb""",288
328,"""Tush""",228
329,"""The Plaza of Execution""",289
330,"""Sign of the Times""",290
331,"""So What""",117
332,"""Basketball""",291
333,"""Born Ready""",292
334,"""Don't Worry""",293
335,"""Come Away with Me""",74
336,"""I Don't Wanna Miss a Thing""",144
337,"""Sweet Home Alabama""",294
338,"""We Found Love""",295
339,"""She's a Bad Mama Jama (She's Built, She's Stacked)""",296
340,"""Got to Give It Up""",36
341,"""Tití Me Preguntó""",297
342,"""Stay""",298
343,"""Dance Again""",300
344,"""I've Got You Under My Skin""",52
345,"""The Best Damn Thing""",265
346,"""Love You I Do""",301
347,"""Hip to be Square""",109
348,"""We Are in Love""",302
349,"""XXPEN$IVE""",303
350,"""24K Magic""",174
351,"""The A-Team theme""",304
352,"""Untouchable""",305
353,"""Take Me to Church""",306
354,"""Time of Our Lives""",307
355,"""Kiss You""",58
356,"""God Blessed Texas""",308
357,"""Stuff Like That There""",309
358,"""Cake by the Ocean""",310
359,"""Bad Man""",311
360,"""My House""",270
361,"""Bun Up the Dance""",312
362,"""Hey Mama""",313
363,"""Crocodile Rock""",135
364,"""Ten Feet Tall""",314
365,"""Ride wit Me""",315
366,"""Viva Las Vegas""",96
367,"""Mambo (Uno, Dos, Tres)""",316
368,"""99 Red Balloons""",317
369,"""3-6-9""",318
370,"""(I Can't Get No) Satisfaction""",287
371,"""La Bamba""",319
372,"""Ring of Fire""",320
373,"""Mambo Italiano""",200
374,"""Sing, Sing, Sing""",321
375,"""Betece""",322
376,"""I Got Rhythm""",50
377,"""Papa Loves Mambo""",323
378,"""Non Non Rien N'a Changé""",324
379,"""A Cool Cat In Town""",325
380,"""Dance, Dance""",326
381,"""Creep""",327
382,"""Let Her Go""",328
383,"""You Can't Sit Down""",329
384,"""Diamonds Are a Girl's Best Friend""",330
385,"""Runaway Baby""",174
386,"""Surfin' Safari""",35
387,"""Applause""",331
388,"""Mad World""",332
389,"""Get Up Offa That Thing""",156
390,"""Just Give Me a Reason""",333
391,"""Billy-a-Dick""",334
392,"""Proud Mary""",335
393,"""Dancing with Myself""",23
394,"""Gimme Some Lovin""",336
395,"""Sir Duke""",110
396,"""Ain't Nothing Wrong With That""",337
397,"""Do You Love Me""",338
398,"""Gotta Work""",339
399,"""I Write Sins Not Tragedies""",340
400,"""Bei Mir Bist Du Schon""",342
401,"""Baby Got Back""",343
402,"""Swing With Me""",344
403,"""Lupita""",316
404,"""Flip, Flop and Fly""",100
405,"""House of Bamboo""",232
406,"""Suddenly I See""",345
407,"""Magic""",346
408,"""Do It Like This""",347
409,"""La Malanga""",348
410,"""Next to Me""",349
411,"""This Is My Time""",350
412,"""You're The One That I Want""",351
413,"""Endless Love""",352
414,"""Let's Face the Music and Dance""",353
415,"""When I Grow Up""",254
416,"""As It Was""",290
417,"""Pump It""",354
418,"""You're the Best""",355
419,"""Kiss Me More""",356
420,"""Glamorous""",357
421,"""Give It to Me Baby""",358
422,"""Skate""",359
423,"""Fly Me to the Moon""",52
424,"""SOS""",79
425,"""Love Story""",253
426,"""I Wanna Be Loved By You""",360
427,"""Complicación""",280
428,"""El Cumbanchero""",361
429,"""We Go Together""",362
430,"""Higher""",206
431,"""Life Is a Highway""",363
432,"""No Rights No Wrongs""",171
433,"""Whole Lotta Shakin' Goin' On""",364
434,"""You Make Me Feel So Young""",143
435,"""Working My Way Back to You""",365
436,"""American Girl""",366
437,"""The Brady Bunch""",367
438,"""Don't""",368
439,"""Ran Kan Kan""",280
440,"""Danza Kuduro""",369
441,"""I Don't Like It, I Love It""",370
442,"""Boogie Woogie Bugle Boy""",321
443,"""Para Los Rumberos""",19
444,"""Mas Que Nada""",371
445,"""Call Me Maybe""",372
446,"""Land of a Thousand Dances""",373
447,"""Girls in Bikinis""",374
448,"""The Lady Is a Tramp""",375
449,"""Maracaibo Oriental""",376
450,"""Tell Her About It""",22
451,"""Black Horse and the Cherry Tree""",345
452,"""The Nicest Kids in Town""",377
453,"""Who Says""",378
454,"""Don't Stop Me Now""",121
455,"""All Nite (Don't Stop)""",43
456,"""Peter Gunn Theme""",77
457,"""Big and Bad""",379
458,"""Walkin' Back to Happiness""",380
459,"""Love Is All Around""",381
460,"""María""",67
461,"""Symphony No. 5""",382
462,"""Don't Let Me Be Misunderstood""",383
463,"""Underneath Your Clothes""",384
464,"""Chantilly Lace""",385
465,"""Five Guys Named Moe""",196
466,"""Marry You""",174
467,"""Sexy, Sexy!""",283
468,"""Stay the Night""",386
469,"""Hernando's Hideaway""",387
470,"""Crazy Little Thing Called Love""",121
471,"""Jailhouse Rock""",96
472,"""The Boys Are Back in Town""",389
473,"""Mack The Knife""",390
474,"""Hey Baby""",391
475,"""Valerie""",59
476,"""You May Be Right""",22
477,"""Hound Dog""",96
478,"""Love Machine""",392
479,"""Shake It""",393
480,"""Dreaming""",394
481,"""It's a Small World""",395
482,"""What About Us""",117
483,"""Make Way""",396
484,"""BO$$""",397
485,"""Swing Set""",398
486,"""Whatever Lola Wants""",399
487,"""Hero""",400
488,"""It Don't Mean a Thing""",401
489,"""Reet Petite""",255
490,"""Get Lucky""",402
491,"""The Time of My Life""",403
492,"""Savage (Major Lazer Remix)""",404
493,"""Trouble""",96
494,"""Are You Gonna Be My Girl""",405
495,"""Levitating""",299
496,"""100 Years""",406
497,"""I'm Still Standing""",135
498,"""Hot Honey Rag""",407
499,"""Vision of Love""",408
500,"""1+1=2""",207
501,"""Las Muchachas""",409
502,"""Oh, Boy!""",410
503,"""Say Hey (I Love You)""",411
504,"""Bad Intentions""",412
505,"""España cañí""",413
506,"""Love Me Now""",414
507,"""Grown""",126
508,"""Unlove You""",415
509,"""Rumour Has It""",184
510,"""My Sharona""",416
511,"""Somebody That I Used to Know""",417
512,"""Homegrown Honey""",418
513,"""I Don't Want to Be""",419
514,"""Green Acres Theme""",420
515,"""As Days Go By""",421
516,"""Game of Thrones Theme""",422
517,"""Adorn""",423
518,"""Conga""",424
519,"""Stole the Show""",425
520,"""Midnight Train to Georgia""",426
521,"""This Is How We Roll""",427
522,"""Chicago (That Toddlin' Town)""",52
523,"""Only the Good Die Young""",22
524,"""They're Red Hot""",429
525,"""Shake, Rattle, and Roll""",109
526,"""Boogie Wonderland""",220
527,"""Gettin' Jiggy wit It""",430
528,"""All About That Bass""",44
529,"""Libertango""",431
530,"""Bad Moon Rising""",432
531,"""Goldfinger""",209
532,"""You Never Can Tell""",433
533,"""The Heat Is On""",434
534,"""Santa Maria (del Buen Ayre)""",435
535,"""Say Something""",437
536,"""Follow the Leader""",438
537,"""Addicted to You""",439
538,"""Do My Thing""",440
539,"""The Boy Does Nothing""",441
540,"""It Don't Mean a Thing (If It Ain't Got That Swing)""",401
541,"""Jump, Jive, an' Wail""",283
542,"""Skyfall""",184
543,"""This Head That I Hold""",442
544,"""Poker Face""",331
545,"""Into Action""",443
546,"""Jumpin' Jack""",379
547,"""Real Wild Child""",444
548,"""Nice Work If You Can Get It""",445
549,"""Lighting Up the Night""",446
550,"""Cell Block Tango""",407
551,"""Saturday Night's Alright for Fighting""",135
552,"""Por una Cabeza""",447
553,"""Matador Paso""",448
554,"""You're the One That I Want""",351
555,"""Nobody But Me""",449
556,"""Part-Time Lover""",110
557,"""Palladio, First Movement""",450
558,"""You'll Never Find Another Love Like Mine""",451
559,"""I Kissed a Girl""",122
560,"""Jalousie""",452
561,"""El Tango de Roxanne""",453
562,"""Goody Two Shoes""",454
563,"""I Can't Tell A Waltz From A Tango""",455
564,"""(If You're Wondering If I Want You To) I Want You To""",456
565,"""Danger Zone""",165
566,"""The Rest of Our Life""",457
567,"""See You Again""",459
568,"""O""",129
569,"""Sing, Sing, Sing (With a Swing)""",262
570,"""Hit Me with a Hot Note""",460
571,"""Whatever It Takes""",349
572,"""Toxic""",461
573,"""Dance with Me""",462
574,"""Heartbreak Hotel""",96
575,"""Shake, Rattle and Roll""",96
576,"""All Shook Up""",96
577,"""Better Days""",463
578,"""Walk Like an Egyptian""",464
579,"""With You I'm Born Again""",465
580,"""Canción del Mariachi""",466
581,"""Meddle""",467
582,"""As Long as I'm Singing""",283
583,"""Cobrastyle""",468
584,"""The Cup of Life""",67
585,"""Burnin' Up""",469
586,"""Give Me Your Love""",470
587,"""Suffer""",471
588,"""Thinking Out Loud""",368
589,"""Sugar""",128
590,"""In da Club""",472
591,"""Go, Diego, Go! Theme""",473
592,"""Love and Marriage""",52
593,"""Bewitched Theme""",474
594,"""The X-Files""",475
595,"""Pata Pata""",476
596,"""Ain't Too Cool""",98
597,"""Echa Pa'lla (Manos Pa'rriba)""",477
598,"""Queen Bee""",478
599,"""Don't Stop Believin'""",479
600,"""Que Es Lo Que Quiere Esa Nena""",480
601,"""The Beat Goes On""",481
602,"""New Shoes""",482
603,"""Cite Tango""",431
604,"""Girls Just Want to Have Fun""",484
605,"""Star Wars Theme/Cantina Band""",119
606,"""Hard Headed Woman""",96
607,"""Jealousy""",485
608,"""Can I Get a Witness""",36
609,"""These Boots Are Made For Walkin'""",130
610,"""What You Waiting For""",486
611,"""Hey Sexy Lady""",487
612,"""Blue Suede Shoes""",96
613,"""Dance Bailalo""",488
614,"""Yeah 3x""",489
615,"""The Middle""",490
616,"""Diga Diga Doo""",401
617,"""Come Fly with Me""",52
618,"""One Way or Another (Teenage Kicks)""",58
619,"""Lights""",187
620,"""Give Me Love""",368
621,"""New York State of Mind""",22
622,"""Dream a Little Dream of Me""",492
623,"""Cold, Cold Heart""",74
624,"""Last Night a D.J. Saved My Life""",494
625,"""You Give Me Something""",495
626,"""Take Me Out""",496
627,"""Mercy Mercy Me""",36
628,"""Boléro""",497
629,"""Waiting on the World to Change""",498
630,"""El Choclo""",499
631,"""I Got a Woman""",170
632,"""You Can't Hurry Love""",47
633,"""A Little Respect""",500
634,"""Stand by Me""",501
635,"""Pillowtalk""",502
636,"""I'm Going Down""",503
637,"""Look What You Made Me Do""",253
638,"""Tequila""",504
639,"""King Creole""",96
640,"""Can't Help Falling in Love""",96
641,"""Bossa Nova Baby""",96
642,"""Say You Won't Let Go""",505
643,"""Despacito""",506
644,"""Hey, Soul Sister""",5
645,"""See the Day""",507
646,"""Paparazzi""",331
647,"""Anything Goes""",508
648,"""Kryptonite""",509
649,"""Eye of the Tiger""",510
650,"""Bust a Move""",511
651,"""Turn the Beat Around""",206
652,"""DuckTales""",512
653,"""The Walking Dead Theme""",513
654,"""Angela""",514
655,"""The Muppet Show Theme""",515
656,"""Buster Voodoo""",516
657,"""Sorry (Latino remix)""",517
658,"""Home""",518
659,"""We Are Family""",519
660,"""Wouldn't It Be Nice""",35
661,"""You Shook Me All Night Long""",521
662,"""Mess Around""",170
663,"""Perfidia""",522
664,"""Kids in America""",523
665,"""Sing""",368
666,"""She's Country""",524
667,"""Rock the Casbah""",159
668,"""Les Toreadors""",525
669,"""If I Were A Painting""",526
670,"""Fever""",143
671,"""Moves like Jagger""",528
672,"""Free Your Mind""",284
673,"""Canción Del Mariachi""",529
674,"""I Believe in You and Me""",113
675,"""Surfboard""",530
676,"""Lullabye (Goodnight, My Angel)""",22
677,"""Hold On""",531
678,"""Laugh at Me""",532
679,"""William Tell Overture""",533
680,"""Hollywood Swinging""",535
681,"""Let Me Drown""",536
682,"""Da Ya Think I'm Sexy?""",537
683,"""Another One Bites the Dust""",121
684,"""Slow Dancing in a Burning Room""",498
685,"""To Where You Are""",538
686,"""If I Could""",539
687,"""Dog Days Are Over""",540
688,"""For the Cool in You""",541
689,"""Thriller""",25
690,"""Why Don't You Do Right""",542
691,"""The Final Countdown""",543
692,"""Bootylicious""",198
693,"""Chelsea""",544
694,"""Let It Be""",15
695,"""You and Me""",545
696,"""I'll Be There""",69
697,"""Fantasy""",546
698,"""Malagueña""",283
699,"""Bleeding Love""",547
700,"""Why Do Fools Fall in Love""",548
701,"""Rio""",154
702,"""Blue Monday""",549
703,"""Edelweiss""",550
704,"""Bad Day""",551
705,"""Copacabana""",54
706,"""Let It Be Me""",153
707,"""Just the Way You Are""",174
708,"""Hallelujah I Love Her So""",170
709,"""Count on Me""",552
710,"""Soul Bossa Nova""",554
711,"""Just The Two of Us""",555
712,"""Bailamos""",400
713,"""If I Can Dream""",96
714,"""Suspicious Minds""",96
715,"""Always On My Mind""",96
716,"""Make Me Want To""",556
717,"""It Had to Be You""",458
718,"""Rain on Me""",557
719,"""Take a Picture""",559
720,"""A Little Party Never Killed Nobody""",561
721,"""Empire""",384
722,"""Celebrate""",477
723,"""Limbo""",562
724,"""Dangerous""",563
725,"""Great Gosh A'Mighty""",564
726,"""Rainbow Connection""",565
727,"The Facts of Life theme",566
728,"""In the Air Tonight""",181
729,"""Please Mr. Brown""",455
730,"""Mr. Bojangles""",560
731,"""Hey Goldmember""",567
732,"""Unchained Melody""",568
733,"""(Everything I Do) I Do It for You""",569
734,"""If You Don't Know Me By Now""",570
735,"""You Give Love a Bad Name""",80
736,"""He Was Beautiful""",209
737,"""A Kind of Magic""",121
738,"""The Phantom of the Opera""",571
739,"""Tennessee Waltz""",572
740,"""Mr. Pinstripe Suit""",379
741,"""Living on Video""",573
742,"""Hey Pachuco""",574
743,"""Fade into You""",575
744,"""All of Me""",414
745,"""Human""",576
746,"""Happy""",217
747,"""If You're Reading This""",577
748,"""Gravity""",30
749,"""Man Like That""",579
750,"""Get Up (I Feel Like Being a) Sex Machine""",156
751,"""Pour Some Sugar on Me""",581
752,"""YMCA""",582
753,"""Que Sera, Sera (Whatever Will Be, Will Be)""",583
754,"""La Vida Es Un Carnaval""",584
755,"""One Sweet Day""",585
756,"""Cum On Feel the Noize""",586
757,"""Le Freak""",587
758,"""No More Tears (Enough Is Enough)""",204
759,"""For Once in My Life""",110
760,"""Dirrty""",588
761,"""You Raise Me Up""",538
762,"""My Prerogative""",589
763,"""Over the Rainbow""",590
764,"""Let Me Leave""",591
765,"""Rock Around the Clock""",592
766,"""What's New Pussycat?""",288
767,"""Lovin' U""",9
768,"""Call Me the Breeze""",294
769,"""Do Right Woman, Do Right Man""",115
770,"""Plaza of Execution""",289
771,"""Put It in a Love Song""",593
772,"""Falling In Love At a Coffee Shop""",594
773,"""Boom Boom Pow""",39
774,"""Whine Up""",595
775,"""Easy""",596
776,"""Diablo Rojo""",516
777,"""Most Girls""",597
778,"""She's a Lady""",598
779,"""Let There Be Love""",45
780,"""Burning Love""",96
781,"""No Time to Die""",599
782,"""U Know What's Up""",600
783,"""Twist and Shout""",185
784,"""All by Myself""",3
785,"""Don't Go Yet""",601
786,"""Seven Nation Army""",602
787,"""Long Tall Sally""",564
788,"""All I Want To Do""",604
789,"""Bananza (Belly Dancer)""",605
790,"""I'm Yours""",606
791,"""I Can't Get Next To You""",83
792,"""Chapel of Love""",607
793,"""Shake Your Bon-Bon""",67
794,"""How Long Will I Love You?""",187
795,"""Oye 2014""",608
796,"""Hanuman""",609
797,"""Too Many Fish in the Sea""",334
798,"""Tamacun""",516
799,"""Save Tonight""",167
800,"""7 Years""",610
801,"""300 Violin Orchestra""",611
802,"""Rise Up""",612
803,"""1812 Overture""",614
804,"""Heaven Is a Place on Earth""",615
805,"""Somewhere in Time"" theme",616
806,"""You Spin Me Round (Like a Record)""",617
807,"""Piano Man""",22
808,"""Captain From Castille""",618
809,"""Married Life""",619
810,"""Back to Black""",620
811,"""America""",621
812,"""Foolish""",622
813,"""Sandy's Song""",623
814,"""Take It to the Limit""",624
815,"""Cancion Del Mariachi""",625
816,"""Freedom! '90""",626
817,"""Forty-Second Street""",627
818,"""The Ballroom Blitz""",628
819,"""O-o-h Child""",630
820,"""Theme from Mission: Impossible""",631
821,"""Symphony 6: Fair Thee Well & the Requiem Mix""",632
822,"""Shake Señora""",477
823,"""Carry On""",633
824,"""Papi""",634
825,"""Zorongo""",635
826,"""I Won't Give Up""",606
827,"""Time Is Running Out""",636
828,"""Conquest""",602
829,"""Purple Haze""",637
830,"""Bohemian Rhapsody""",121
831,"""Stay Gold""",110
832,"""Für Elise""",382
833,"""The Girl Can't Help It""",564
834,"""Daughters""",498
835,"""Higher Ground""",110
836,"""It's a Man's, Man's, Man's World""",156
837,"""La Virgen de la Macarena""",638
838,"""Keep Holding On""",265
839,"""My Family is My Life""",289
840,"""I Will Survive """,639
841,"""Conqueror""",640
842,"""Walk on Water""",641
843,"""Mi Gente""",642
844,"""Lights Down Low""",643
845,"""Havana""",644
846,"""Instruction""",645
847,"""Hot in Herre""",646
848,"""Bamboleo""",648
849,"""Diamonds Are Forever""",209
850,"""You Know My Name""",649
851,"""The World Is Not Enough""",650
852,"""Licence to Kill""",651
853,"""Los Muertos Vivos Están""",652
854,"""Here Comes the Sun""",15
855,"""Crash""",654
856,"""Take Me on the Floor""",655
857,"""More Than This""",74
858,"""El Matador""",656
859,"""Come Rain or Come Shine""",105
860,"""Candy Shop""",657
861,"""Take Me to Heaven""",658
862,"""Swalla""",659
863,"""Impossible""",397
864,"""Rather Be""",660
865,"""Chillando Goma""",661
866,"""Variations on Dark Eyes""",662
867,"""Big Trouble""",663
868,"""If It Ain't Love""",664
869,"""Iris""",665
870,"""Woman's World""",666
871,"""Booty""",667
872,"""Party in the U.S.A.""",668
873,"""The Star-Spangled Banner""",243
874,"""Verge""",669
875,"""Friend Like Me""",670
876,"""Get Ready""",83
877,"""Only a Man""",671
878,"""Come Home""",672
879,"""Girl on Fire""",9
880,"""Theme from Superman""",674
881,"""Singin' in the Rain""",675
882,"""How Will I Know""",676
883,"""Collecting the Ballots""",677
884,"""Dance Like This""",678
885,"""Every Breath You Take""",679
886,"""I Wish""",110
887,"""Eso Beso""",680
888,"""So Nice""",681
889,"""At the Hop""",682
890,"""Better in Time""",547
891,"""Jai Ho (You Are My Destiny)""",683
892,"""Dark Horse""",684
893,"""Sugarfoot""",685
894,"""Love Me Right!""",686
895,"""Wildest Moments""",687
896,"""The Raiders March""",674
897,"""The Black Pearl""",688
898,"""Flash's Theme""",121
899,"""You've Got a Friend in Me""",689
900,"""Mickey""",690
901,"""Sexy Silk""",65
902,"""Love Lockdown""",691
903,"""We Will Rock You""",121
904,"""Watching You""",693
905,"""Titanium""",694
906,"""Hallelujah""",695
907,"""We're Not Gonna Take It""",696
908,"""School's Out""",697
909,"""Paint It, Black""",75
910,"""Rhythm Is Gonna Get You""",206
911,"""Shut Up""",39
912,"""Perhaps, Perhaps, Perhaps""",583
913,"""9 to 5""",623
914,"""Wake Me Up Before You Go-Go""",274
915,"""Con te partirò""",698
916,"""Waltz of the Flowers""",614
917,"""March of the Toreadors""",525
918,"""Romeo and Juliet""",699
919,"""Explosive / Adagio for Strings""",700
920,"""That's the Way (I Like It)""",701
921,"""A-Tisket, A-Tasket""",702
922,"""Anything You Can Do""",703
923,"""Scooby Doo Pa Pa""",704
924,"""Mani Picao""",705
925,"""Perm""",174
926,"""Red Right Hand""",706
927,"""For Your Eyes Only""",707
928,"""The Name's Bond... James Bond""",708
929,"""Thunderball""",288
930,"""Another Way to Die""",709
931,"""Circus""",710
932,"""Shall We Dance?""",711
933,"""King of Swing""",379
934,"""Would You...?""",712
935,"""Secret Agent Man""",713
936,"""Jump in the Line (Shake, Senora)""",205
937,"""Recipe for Love""",302
938,"""Remedio P'al Corazon""",714
939,"""Shape of You""",368
940,"""My Wish""",363
941,"""Amazing Grace""",458
942,"""Shut Up and Dance""",715
943,"""Forever Young""",716
944,"""Not My Father's Son""",717
945,"""The Last Waltz""",718
946,"""Tres Deseos""",206
947,"""Into the Sunset (Headhunterz radio edit)""",719
948,"""Battle Cry""",349
949,"""Bella Donna Twist""",720
950,"""Part of Your World""",721
951,"""Trashin' the Camp""",181
952,"""A Spoonful of Sugar""",722
953,"""Coming Home, Pt. II""",723
954,"""Living in New York City""",724
955,"""Thank You for Being a Friend""",725
956,"""Because We Can""",726
957,"""Crickets Sing for Anamaria""",727
958,"""Milkshake""",728
959,"""Love Will Keep Us Together""",729
960,"""Try""",140
961,"""What's Going On""",36
962,"""Heaven Must Be Missing an Angel""",730
963,"""Besame Mucho""",731
964,"""Love Is in the Air""",732
965,"""Cha Cha""",733
966,"""This Cat's on a Hot Tin Roof""",734
967,"""Poison""",735
968,"""Brand New""",736
969,"""Grown Woman""",737
970,"""Too Close""",738
971,"""The Murder""",740
972,"""Gonna Fly Now""",741
973,"""Livin' on a Prayer""",80
974,"""Love On Top""",737
975,"""A Thousand Years""",576
976,"""I Just Want to Make Love to You""",115
977,"""Say I Do""",742
978,"""Celebration""",535
979,"""Aguanilé""",743
980,"""Tanguedia II""",11
981,"""Hedwig's Theme""",674
982,"""I Dovregubbens Hall""",744
983,"""The Flower Duet""",745
984,"""Bohemian Like You""",746
985,"""De Donde Soy""",747
986,"""Tambourine""",748
987,"""If You're Not the One""",749
988,"""The Fresh Prince of Bel-Air""",750
989,"""Tubthumping""",751
990,"""Love on the Brain""",79
991,"""I'm So Excited""",197
992,"""Let's Get Loud""",634
993,"""GoldenEye""",21
994,"""Writing's on the Wall""",676
995,"""Die Another Day""",108
996,"""Piece of Me""",710
997,"""Stronger""",710
998,"""...Baby One More Time""",710
999,"""Womanizer""",710
1000,"""The Bare Necessities""",752
1001,"""Old Time Rock and Roll""",753
1002,"""Don't Lie""",39
1003,"""Come Dance with Me""",52
1004,"""Unconditionally""",122
1005,"""Express Yourself""",108
1006,"""Good Good Father""",754
1007,"""The Book of Love""",755
1008,"""Dan Swit Me""",756
1009,"""Turning Tables""",184
1010,"""Three's Company, Too""",757
1011,"""High Bar/Taikoba""",758
1012,"""Battlefield""",759
1013,"""I Wan'na Be Like You""",326
1014,"""Try Everything""",384
1015,"""A Dream Is a Wish Your Heart Makes""",760
1016,"""Belle""",761
1017,"""The Ballad of Gilligan's Isle""",762
1018,"""A Beautiful Mine""",763
1019,"""Breaking Bad Theme""",764
1020,"""Bandstand Boogie""",765
1021,"""Breathe Again""",766
1022,"""I Dream of Jeannie""",767
1023,"""Me & Mrs. Jones""",768
1024,"""Cosmic Girl""",769
1025,"""Givin' It Up for Your Love""",770
1026,"""Dance with My Father""",771
1027,"""Love Will Never Do (Without You)""",43
1028,"""Put Your Records On""",772
1029,"""I Like to Move It""",773
1030,"""ABC""",69
1031,"""Father Figure""",626
1032,"""Lewis Boogie Blues""",774
1033,"""Habañera""",775
1034,"""Fix You""",129
1035,"""Want U Back""",776
1036,"""Supercalifragilisticexpialidocious""",777
1037,"""Be Our Guest""",778
1038,"""So This Is Love""",779
1039,"""Wake Me Up Before You Go Go""",274
1040,"""Hello""",219
1041,"""Kissing You""",780
1042,"""Roar""",122
1043,"""Sweetheart from Venezuela""",205
1044,"""Buttons""",254
1045,"""Fiebre""",781
1046,"""Bumpy Ride""",782
1047,"""Since U Been Gone""",66
1048,"""One Way or Another""",394
1049,"""Un-Break My Heart""",766
1050,"""The Big Date""",784
1051,"""I Go to Rio""",785
1052,"""La Bohemia""",786
1053,"""Hip Hip Chin Chin""",268
1054,"""Samba Hey""",480
1055,"""Say""",498
1056,"""Pon de Replay""",79
1057,"""You're All I Need to Get By""",194
1058,"""I'll Be There for You""",787
1059,"""It's Gonna Be Me""",788
1060,"""I Can't Help Myself (Sugar Pie Honey Bunch)""",789
1061,"""Jump (For My Love)""",197
1062,"""A Star Is Born""",791
1063,"""Till the World Ends""",710
1064,"""(You Drive Me) Crazy (The Stop! Remix)""",710
1065,"""Don't You (Forget About Me)""",792
1066,"""Oh, Pretty Woman""",793
1067,"""I Don't Want to Miss a Thing""",144
1068,"""Comanche""",794
1069,"""La Bomba""",795
1070,"""Turn Me On""",796
1071,"""Evermore""",538
1072,"""Atlas""",129
1073,"""American Soldier""",797
1074,"""He's a Tramp""",783
1075,"""Two Two Tango""",798
1076,"""Jeux d'Eau""",758
1077,"""Come Together""",15
1078,"""Circle of Life (District 78 remix)""",799
1079,"""Hold Back the River""",800
1080,"""The Addams Family Theme""",420
1081,"""Bad Things""",801
1082,"""Movin' on Up""",802
1083,"""Did I Make the Most of Loving You?""",803
1084,"""Apologize""",804
1085,"""Spice Up Your Life""",151
1086,"""I've Got to See You Again""",74
1087,"""I'm a Woman""",783
1088,"""Hunter""",217
1089,"""It's Not Unusual""",288
1090,"""One Two Three Four (Get On The Dance Floor)""",805
1091,"""What's Love Got to Do with It""",21
1092,"""My Way""",52
1093,"""I Will Always Love You""",113
1094,"""Mrs. Robinson""",806
1095,"""I Just Can't Wait to Be King""",807
1096,"""Cruella de Vil""",808
1097,"""Let It Go""",809
1098,"""I Wan'na Be Like You (The Monkey Song)""",262
1099,"""Get Down on It""",535
1100,"""Tainted Love""",810
1101,"""Easy Lover""",811
1102,"""Walk Like a Man""",812
1103,"""Work Bitch""",461
1104,"""Try a Little Tenderness""",813
1105,"""Cheeseburger in Paradise""",814
1106,"""Never Tear Us Apart""",815
1107,"""Misery""",128
1108,"""Go Get It""",816
1109,"""Sin Rumbo""",817
1110,"""Total Eclipse of the Heart""",819
1111,"""America the Beautiful""",113
1112,"""New York, New York""",52
1113,"""God Bless The USA""",820
1114,"""American Woman""",821
1115,"""Disturbia""",79
1116,"""Bounce With Me""",822
1117,"""Breakin' Dishes""",79
1118,"""True Colors""",484
1119,"""Mi Tierra""",206
1120,"""The Brady Bunch Theme""",367
1121,"""Unwritten""",823
1122,"""Charlie's Angels Theme""",767
1123,"""Hill Street Blues""",824
1124,"""The Breaks""",291
1125,"""The Glory Days""",619
1126,"""Adventure of a Lifetime""",129
1127,"""Get The Party Started""",117
1128,"""The Look of Love""",825
1129,"""The Greatest Show""",826
1130,"""Remember Me""",827
1131,"""Wait for It""",828
1132,"""Finally Free""",829
1133,"""Outrageous""",710
1134,"""Hold It Against Me""",710
1135,"""Gimme More""",710
1136,"""I'm a Slave 4 U""",710
1137,"""Scream & Shout"" (with will.i.am)",710
1138,"""El Sonido De La Milonga""",830
1139,"""When I Get You Alone""",724
1140,"""Mas de lo Mismo""",13
1141,"""Hard to Handle""",832
1142,"""Taquito Militar""",833
1143,"""Summertime Blues""",834
1144,"""Suite Punta Del Este""",835
1145,"""You and Me and the Bottle Makes 3 Tonight (Baby)""",379
1146,"""I've Got No Strings""",836
1147,"""Unforgettable""",837
1148,"""For the First Time in Forever""",838
1149,"""Step in Time""",839
1150,"""When You Wish upon a Star""",840
1151,"""Alice's Theme""",841
1152,"""Zero to Hero""",241
1153,"""Tzelma""",758
1154,"""The Way You Make Me Feel""",25
1155,"""La Nouba""",758
1156,"""Black and Gold""",842
1157,"""Perfect""",58
1158,"""Teenage Mutant Ninja Turtles Theme""",843
1159,"""Mama Said""",844
1160,"""Mambo Baby""",845
1161,"""Modern Love""",846
1162,"""She Came to Give It to You""",847
1163,"""Rock This Town""",848
1164,"""Angelica""",849
1165,"""Mamma Knows Best""",65
1166,"""Don't Cry For Me Argentina""",850
1167,"""Mambo Swing""",379
1168,"""Hold On, I'm Comin'""",483
1169,"""I Love to Boogie""",851
1170,"""Annie, I'm Not Your Daddy""",852
1171,"""Luck Be a Lady""",52
1172,"""The Reflex""",154
1173,"""Hushabye Mountain""",853
1174,"""My Heart Will Go On""",3
1175,"""Man! I Feel Like a Woman!""",855
1176,"""Under the Sea""",856
1177,"""Always Look on the Bright Side of Life""",857
1178,"""Put Your Hands on Me""",861
1179,"""Man Wanted""",862
1180,"""The Night Out""",863
1181,"""Get It Right""",864
1182,"""Love Letter""",865
1183,"""Discombobulate""",849
1184,"""My Girl""",83
1185,"""The Yankee Doodle Boy""",866
1186,"""Baby One More Time""",461
1187,"""Upside Down""",548
1188,"""Funkytown""",867
1189,"""Delilah""",288
1190,"""Rip it Up""",564
1191,"""Let's Get it On""",36
1192,"""Champagne Tango""",868
1193,"""(Theme From) The Monkees""",869
1194,"""Fight Song""",870
1195,"""Falling Slowly""",871
1196,"""Anchor""",872
1197,"""Move On Up""",873
1198,"""I Am What I Am""",874
1199,"""Dig a Little Deeper""",875
1200,"""Chim Chim Cher-ee""",876
1201,"""Mr. Blue Sky""",877
1202,"""Oops!... I Did It Again""",710
1203,"""Enjoy the Silence""",878
1204,"""Spotlight""",301
1205,"""Why Can't We Be Friends?""",880
1206,"""LoveGame""",331
1207,"""Cité Tango""",435
1208,"""Brown Derby Jump""",277
1209,"""Dance Little Sister""",75
1210,"""When Can I See You Again?""",881
1211,"""I'll Make a Man Out of You""",882
1212,"""Ride""",883
1213,"""That's How You Know""",884
1214,"""A Whole New World""",885
1215,"""He's a Pirate""",688
1216,"""Poor Unfortunate Souls""",886
1217,"""Love Is an Open Door""",887
1218,"""The Hollywood Wiz""",888
1219,"""From the Ground Up""",889
1220,"""Hips""",890
1221,"""I Get to Love You""",891
1222,"""Under Control""",892
1223,"""You Can't Stop the Beat""",377
1224,"""That'll Be the Day""",410
1225,"""King""",893
1226,"""Stitches""",216
1227,"""Magalenha""",879
1228,"""A Woman's Worth""",9
1229,"""Erythrina Fusca""",894
1230,"""Car Wash""",503
1231,"""Pass the Dutchie""",895
1232,"""Crazy Stupid Love""",896
1233,"""Cool""",486
1234,"""Waiting for Tonight""",634
1235,"""Que Bueno Baila Usted""",897
1236,"""Wanted""",899
1237,"""Good Girl""",146
1238,"""Why Ya Wanna""",900
1239,"""I Love It""",901
1240,"""Feel So Close""",902
1241,"""Super Freak""",358
1242,"""Seasons of Love""",903
1243,"""Abracadabra""",904
1244,"""Build Me Up Buttercup""",905
1245,"""Jimmy Mack""",906
1246,"""Cruisin'""",907
1247,"""I Can't Get Next to You""",83
1248,"""The Way You Do the Things You Do""",83
1249,"""Ooo Baby Baby""",908
1250,"""Think""",27
1251,"""Walking on Sunshine""",910
1252,"""Livin' la Vida Loca""",67
1253,"""End of the Road""",243
1254,"""Everything I Can't Have""",724
1255,"""Don't Be Cruel""",96
1256,"""Big Time Operator""",379
1257,"""Quando, Quando, Quando""",718
1258,"""I'll Make Love to You""",243
1259,"""Sobe Son""",424
1260,"""I'm with You""",265
1261,"""Don't Stop the Music""",79
1262,"""If I Had You""",8
1263,"""You Really Got Me""",911
1264,"""Take Me Home""",912
1265,"""Over My Head (Cable Car)""",913
1266,"""Godspeed (Sweet Dreams)""",914
1267,"""Il gatto e la volpe""",915
1268,"""One Way Or Another""",916
1269,"""The Incredits""",619
1270,"""You'll Be in My Heart""",181
1271,"""Boot Scootin' Boogie""",919
1272,"""Assassin's Tango""",920
1273,"""Ready Teddy!""",564
1274,"""Feels Like Today""",363
1275,"""How Far I'll Go""",921
1276,"""Survivor""",198
1277,"""Heat Wave""",906
1278,"""In My Daughter's Eyes""",922
1279,"""A Song for You""",923
1280,"""Rise""",122
1281,"""Bad""",25
1282,"""Wake Me Up""",439
1283,"""Everybody (Backstreet's Back)""",924
1284,"""The Jean Genie""",846
1285,"""Back in Time""",477
1286,"""Brazil""",52
1287,"""Under Pressure""",925
1288,"""Mambo No. 5""",207
1289,"""She Thinks My Tractor's Sexy""",927
1290,"""Skin (Sarabeth)""",363
1291,"""Islands in the Stream""",928
1292,"""Gonna Make You Sweat (Everybody Dance Now)""",929
1293,"""Light My Fire""",930
1294,"""Ghostbusters""",931
1295,"""The Devil Went Down to Georgia""",932
1296,"""Isn't She Lovely""",110
1297,"""Uptight (Everything's Alright)""",110
1298,"""Being with You""",907
1299,"""Stayin' Alive""",53
1300,"""Save a Horse (Ride a Cowboy)""",933
1301,"""Ghosts 'N Stuff""",934
1302,"""Tutti Frutti""",564
1303,"""Si Señor!...""",206
1304,"""No Air""",935
1305,"""Come See About Me""",47
1306,"""I'm Your Man""",695
1307,"""Mambo a la Sandoval""",936
1308,"""According to You""",937
1309,"""Holding Out for a Hero""",819
1310,"""Steamboat Willie Suite""",938
1311,"""The Simpsons Main Title Theme""",841
1312,"""Viva la Vida""",129
1313,"""Someday My Prince Will Come""",458
1314,"""Colombia, Mi Encanto""",940
1315,"""Dancin' Fool""",54
1316,"""Charleston""",942
1317,"""Dr. Beat""",206
1318,"""Nothin' Better to Do""",943
1319,"""Granada""",944
1320,"""Ordinary Day""",945
1321,"""I Put a Spell on You""",946
1322,"""Habanera""",775
1323,"""I Want It That Way""",924
1324,"""Fun, Fun, Fun""",35
1325,"""Summer""",902
1326,"""Waves""",948
1327,"""Surprise Yourself""",949
1328,"""Woman Up""",44
1329,"""The Right Time""",950
1330,"""Jai Ho""",952
1331,"""Bye Bye Bye""",788
1332,"""Good to Be Alive (Hallelujah)""",953
1333,"""Candela""",955
1334,"""Venus""",956
1335,"""Bailando""",957
1336,"""Diamonds""",79
1337,"""Steppin' Out with My Baby""",958
1338,"""Gimme the Light""",183
1339,"""Play Me""",172
1340,"""Sympathy for the Devil""",75
1341,"""Dark Waltz""",959
1342,"""Superstition""",110
1343,"""Scream""",960
1344,"""Gasolina""",562
1345,"""Watch Out for This (Bumaye)""",961
1346,"""Can't Remember to Forget You""",962
1347,"""Sail""",963
1348,"""1977""",964
1349,"""Sweet Dreams""",737
1350,"""Werewolves of London""",965
1351,"""Dance Apocalyptic""",966
1352,"""I Just Called to Say I Love You""",110
1353,"""Pencil Full Of Lead""",482
1354,"""Irreplaceable""",737
1355,"""Ain't Nothing Wrong with That""",337
1356,"""The Dirty Boogie""",283
1357,"""Heavy Action""",968
1358,"""Billy a Dick""",969
1359,"""Un jour mon prince viendra""",970
1360,"""When You Wish Upon a Star""",458
1361,"""Roar (Acoustic)""",122
1362,"""Blue Jeans""",972
1363,"""If the World Should Ever Stop""",973
1364,"""Stand Out""",974
1365,"""Bad Guy""",599
1366,"""Sparks""",129
1367,"""At This Moment""",975
1368,"""You're the Top""",976
1369,"""Cabaret""",977
1370,"""Dançando Lambada""",978
1371,"""Put a Lid on It""",979
1372,"""Complainte de la Butte""",980
1373,"""Barracuda""",981
1374,"""Reach Out I'll Be There""",789
1375,"""Waterfalls""",982
1376,"""Hopelessly Devoted to You""",238
1377,"""Want to Want Me""",664
1378,"""Wiggle""",983
1379,"""La Negra Tiene Tumbao""",584
1380,"""Beautiful Day""",984
1381,"""Paint It Black""",75
1382,"""I Say a Little Prayer""",27
1383,"""End of Time""",737
1384,"""I Walk the Line""",320
1385,"""The Shoop Shoop Song (It's in His Kiss)""",985
1386,"""Runaway""",986
1387,"""Fallen""",987
1388,"""Sexy People (The Fiat Song)""",988
1389,"""Give Me Everything""",458
1390,"""Jealous (I Ain't with It)""",989
1391,"""Living in America""",156
1392,"""Slippin' and Slidin'""",564
1393,"""Somebody's Watching Me""",991
1394,"""Spooky""",56
1395,"""Fine By Me""",953
1396,"""Don't Stop""",579
1397,"""Adrenalina""",992
1398,"""My Heart Goes Boom""",993
1399,"""Maneater""",994
1400,"""I Know You Want Me (Calle Ocho)""",477
1401,"""Going Up the Country""",996
1402,"""Tango Misterioso""",997
1403,"""My Love""",837
1404,"""The Ride""",289
1405,"""Cupid Shuffle""",998
1406,"""Have You Ever Really Loved a Woman?""",569
1407,"""Your Body Is a Wonderland""",498
1408,"""Volare""",648
1409,"""Little Bitty Pretty One""",999
1410,"""Ritmo de Chunga""",316
1411,"""Kiss the Girl""",856
1412,"""Both Sides, Now""",1001
1413,"""Let's Get Married (ReMarquable Remix)""",1002
1414,"""When the Party's Over""",1003
1415,"""Gaston""",1004
1416,"""Once Upon a Dream""",1005
1417,"""Ways to Be Wicked""",1006
1418,"""Bust Your Windows""",1007
1419,"""One Day I'll Fly Away""",1008
1420,"""Ain't It Funny""",634
1421,"""The Girl's Gone Wild""",1009
1422,"""Hoedown""",1010
1423,"""Five Minutes More""",52
1424,"""Dear Future Husband""",44
1425,"""Super Bad""",156
1426,"""Word Up!""",1011
1427,"""Honey, I'm Good.""",953
1428,"""Bla Bla Bla Cha Cha Cha""",1012
1429,"""Need the Sun to Break""",800
1430,"""Echa pa'lante""",747
1431,"""Victorious""",340
1432,"""Like I'm Gonna Lose You""",1013
1433,"""Shake""",287
1434,"""Hold My Hand""",171
1435,"""Why Can't I Be You?""",139
1436,"""Boy from New York City""",1014
1437,"""It Takes Two""",1015
1438,"""That Old Black Magic""",1016
1439,"""Baby, It's Cold Outside""",288
1440,"""Die Young""",85
1441,"""Livin' On A Prayer""",80
1442,"""Everybody Wants to Rule the World""",1018
1443,"""Read All About It (Pt. III)""",1019
1444,"""That's It, I Quit, I'm Movin' On""",152
1445,"""6'2""",1020
1446,"""Heart Upon My Sleeve""",439
1447,"""The Naughty Lady of Shady Lane""",1021
1448,"""Pumpin Blood""",1023
1449,"""Welcome to Burlesque""",1024
1450,"""Maria Maria""",1025
1451,"""Cherry Pink (and Apple Blossom White)""",316
1452,"""Canon in D Major""",1027
1453,"""This Will Be""",105
1454,"""Lullaby of Birdland""",399
1455,"""Tango Barbaro""",499
1456,"""It Had Better Be Tonight""",143
1457,"""Beat It""",25
1458,"""Saca Tu Mujer""",1028
1459,"""You're Welcome""",1029
1460,"""Dernière danse""",1030
1461,"""Levels""",439
1462,"""Can't Take My Eyes Off of You (I Love You Baby)""",1031
1463,"""Beautiful""",1032
1464,"""Arabian Nights""",1033
1465,"""Mother Knows Best""",1034
1466,"""Love Man""",287
1467,"""I Got You Babe""",481
1468,"""Rhythm is a Dancer""",1035
1469,"""Una Música Brutal""",435
1470,"""Missing You""",1036
1471,"""Epoca""",435
1472,"""They""",1038
1473,"""Ain't That Peculiar""",36
1474,"""If I Were a Boy""",737
1475,"""Fall for You""",1039
1476,"""O Fortuna""",1041
1477,"""Electric Feel""",1042
1478,"""Hands to Myself""",1043
1479,"""Mas que Nada""",1044
1480,"""Hotel California""",1045
1481,"""Light It Up""",1046
1482,"""One Fine Day""",1047
1483,"""Something's Got a Hold on Me""",115
1484,"""Stone Cold""",173
1485,"""Telephone""",1048
1486,"""Pompeii""",1049
1487,"""Can't Feel My Face""",245
1488,"""Don't Look Down""",1050
1489,"""Brown Sugar""",1051
1490,"""Necessary Evil""",970
1491,"""Run Boy Run""",1052
1492,"""Always""",52
1493,"""Dance to the Music""",1054
1494,"""42nd Street""",1055
1495,"""Eternal Flame""",464
1496,"""If I Knew""",174
1497,"""What the World Needs Now""",1056
1498,"""Can't Be Tamed""",668
1499,"""Bang Bang (My Baby Shot Me Down)""",1024
1500,"""Strong Enough""",1024
1501,"""Marriage of Figaro""",1057
1502,"""Ave Maria""",1058
1503,"""Bad Romance (Instrumental)""",331
1504,"""La Donna è Mobile""",1059
1505,"""Montagues and Capulets""",1060
1506,"""Maybe I, Maybe You""",1061
1507,"""Stuck in the Middle With You""",1062
1508,"""Tango Diabolo""",1064
1509,"""Cuban Mambo""",947
1510,"""Puttin' on the Ritz""",199
1511,"""Let It Rock""",1065
1512,"""Let's Call the Whole Thing Off""",1066
1513,"""Breathe (2 AM)""",1067
1514,"""Legend""",1068
1515,"""Wild Wild West""",1069
1516,"""SexyBack""",1070
1517,"""Be Prepared""",1071
1518,"""Jungle""",1073
1519,"""Open Arms""",479
1520,"""Bulletproof""",1075
1521,"""Haven't Met You Yet""",143
1522,"""Spanish Guitar""",1076
1523,"""February Song""",538
1524,"""Tango a Pugliese""",1077
1525,"""Crazy Train""",1079
1526,"""She Will Be Loved""",128
1527,"""Mi Confesión""",435
1528,"""Universal Mind Control""",1080
1529,"""Quizás, Quizás, Quizás""",1081
1530,"""Never Forget You""",1082
1531,"""Good Golly, Miss Molly""",564
1532,"""Can You Do This""",396
1533,"""My Cherie Amour""",110
1534,"""Whose Bed Have Your Boots Been Under?""",855
1535,"""Amparito Roca""",894
1536,"""Secret""",1083
1537,"""Ghost""",1084
1538,"""Come with Me Now""",1085
1539,"""Somethin' Bad""",1086
1540,"""Stand by Your Man""",1087
1541,"""May Each Day""",232
1542,"""Bad, Bad Leroy Brown""",1088
1543,"""Angel""",1089
1544,"""Mo Money Mo Problems""",1090
1545,"""Too Darn Hot (RAC Mix)""",50
1546,"""Spanish Paso""",289
1547,"""If I Could Turn Back Time""",1024
1548,"""Sweet Pea""",1092
1549,"""1 Thing""",339
1550,"""The House is Rockin'""",1093
1551,"""El Gato Montes""",1094
1552,"""Around the World""",603
1553,"""Just the Two of Us""",555
1554,"""Good Golly Miss Molly""",564
1555,"""Waiting for a Girl Like You""",1095
1556,"""Hella Good""",155
1557,"""Feel It Still""",1096
1558,"""Holly Rock""",1097
1559,"""Let's Be Bad""",1098
1560,"""You Make My Dreams""",994
1561,"""Call Me Cruella""",1100
1562,"""Summer Nights""",351
1563,"""U Got the Look""",1101
1564,"""El Capitalismo Foraneo""",435
1565,"""Kiss""",1101
1566,"""If You Don't Know Me by Now""",570
1567,"""Alejandro""",331
1568,"""Whatever Lola Wants (Gotan Project remix)""",399
1569,"""C'mon Everybody""",1102
1570,"""Lost Without U""",724
1571,"""Baila, Baila""",1103
1572,"""Strawberry Wine""",1104
1573,"""Geronimo""",1105
1574,"""Get Down Tonight""",701
1575,"""In the Mood""",1107
1576,"""Day-O (The Banana Boat Song)""",205
1577,"""One Time""",1108
1578,"""Hall of Fame""",1109
1579,"""Explosive""",1110
1580,"""Good Morning""",1111
1581,"""(I've Had) The Time of My Life""",1112
1582,"""Vogue""",108
1583,"""Pony""",1113
1584,"""Personal Jesus""",878
1585,"""Mambo Jambo""",316
1586,"""Everybody's Free (To Feel Good)""",1116
1587,"""Uninvited""",1117
1588,"""Trust""",1101
1589,"""Jessie's Girl""",1118
1590,"""Carnival de Paris""",1119
1591,"""U Can't Touch This""",1120
1592,"""Jungle Jazz""",1121
1593,"""Greased Lightnin'""",1122
1594,"""Love Never Felt So Good""",25
1595,"""Jump in the Line""",205
1596,"""Allerdings Otros Aires""",817
1597,"""Don't Worry, Be Happy""",1125
1598,"""One and Only""",184
1599,"""White Room""",1126
1600,"""Babarabatiri""",280
1601,"""Le Disko""",1127
1602,"""Juventud de Presente""",280
1603,"""Midnight Tango""",1128
1604,"""Nutbush City Limits""",21
1605,"""Teenage Dream""",122
1606,"""Firework""",122
1607,"""Supermarket Flowers""",368
1608,"""The Night We Met""",1130
1609,"""Good Girls Go Bad""",1131
1610,"""Basket Case""",1132
1611,"""Look at Me, I'm Sandra Dee""",1133
1612,"""Beauty School Dropout""",1135
1613,"""Born to Hand Jive""",1136
1614,"""I've Got the World on a String""",52
1615,"""Bring Me to Life""",1137
1616,"""Mi Swing Es Tropical""",1138
1617,"""Only One Road""",3
1618,"""This Cat's On a Hot Tin Roof""",734
1619,"""Three Times a Lady""",1139
1620,"""Bread and Butter""",1140
1621,"""I Go to Sleep""",256
1622,"""Go Daddy-O""",379
1623,"""Lay Me Down""",676
1624,"""Outside""",1141
1625,"""What Now""",79
1626,"""A Little Party Never Killed Nobody (All We Got)""",561
1627,"""Pure Imagination""",1142
1628,"""Dr. Bones""",277
1629,"""Shame on Me""",1144
1630,"""Hit the Road Jack""",1145
1631,"""Unsteady""",1146
1632,"""Shot Me Down""",1147
1633,"""Rhythm Nation""",43
1634,"""Guaglione""",316
1635,"""The Take Over, the Breaks Over""",326
1636,"""Mustang Sally""",373
1637,"""Babalu""",428
1638,"""Push It""",1149
1639,"""Animal""",261
1640,"""Just a Fool""",1151
1641,"""Adore You (Cedric Gervais Remix)""",668
1642,"""That's It!""",1152
1643,"""Dança Molengo""",1153
1644,"""Hot n Cold""",122
1645,"""Magic"" ",346
1646,"""Rip It Up""",564
1647,"""Mama Do the Hump""",107
1648,"""Maggie May""",537
1649,"""Eyes on Fire""",1154
1650,"""Straight To Number One""",712
1651,"""Jim Dandy""",1156
1652,"""Blame It On the Boogie""",1157
1653,"""Dancing on the Ceiling""",219
1654,"""Mercy""",1159
1655,"""Way Over Yonder""",1160
1656,"""Animals""",1161
1657,"""Game of Survival""",891
1658,"""Roundtable Rival""",1162
1659,"""Sandy""",1122
1660,"""There Are Worse Things I Could Do""",1164
1661,"""Look at Me, I'm Sandra Dee (Reprise)""",238
1662,"""Alone""",981
1663,"""Baby Likes to Rock It""",1165
1664,"""Be Here to Love Me""",74
1665,"""Choo Choo Ch'Boogie""",1166
1666,"""I'm Outta Love""",1168
1667,"""Dreams""",1170
1668,"""Freedom""",1171
1669,"""Feeling Alive""",1172
1670,"""Believer""",349
1671,"""Champagne Kisses""",687
1672,"""Cinema Italiano""",1173
1673,"""Centuries""",326
1674,"""Diane Young""",1174
1675,"""Howlin' for You""",1175
1676,"""Little Shop of Horrors""",1176
1677,"""You Don't Own Me""",1177
1678,"""Fire Under My Feet""",547
1679,"""Hora Zero""",516
1680,"""People Are Strange""",1178
1681,"""The Beautiful People""",1179
1682,"""Love Rollercoaster""",1180
1683,"""My Guy""",1181
1684,"""Jump, Jive, and Wail!""",283
1685,"""España Cani""",527
1686,"""Rebelión""",1182
1687,"""Love Letters""",1183
1688,"""Mr. Saxobeat""",1184
1689,"""Original Don""",1186
1690,"""Montserrat""",1187
1691,"""Latch (Acoustic)""",676
1692,"""Can't Touch It""",1188
1693,"""It Is You (I Have Loved)""",160
1694,"""Minnie the Moocher""",1189
1695,"""Que Viva la Vida""",1190
1696,"""Love Me Again""",1191
1697,"""Dance With Me Tonight""",251
1698,"""Fade Into You""",1192
1699,"""Unstoppable""",1193
1700,"""Reflejo de Luna""",1194
1701,"""Kathleen""",190
1702,"""It's Tricky""",1196
1703,"""Workin' Day and Night""",25
1704,"""Miami""",430
1705,"""Mary Goes to Jesus""",1197
1706,"""She's Got Me Dancing""",1198
1707,"""Jai Ho! (You Are My Destiny)""",952
1708,"""Wicked Games""",1200
1709,"""The Lady in Red""",1201
1710,"""Blinding Lights""",245
1711,"""We Got the Beat""",1202
1712,"""Vehicle""",1203
1713,"""Don't Let Me Down""",1204
1714,"""Humble and Kind""",577
1715,"""Gangsta's Paradise""",1205
1716,"""Scott & Fran's Paso Doble""",1206
1717,"""Earned It""",245
1718,"""Orange Colored Sky""",45
1719,"""S.O.B.""",1207
1720,"""The Sound of Silence""",1208
1721,"""Fireball""",1209
1722,"""Cry Little Sister""",1210
1723,"""Haunted""",737
1724,"""Valió la Pena""",1211
1725,"""Chica Chica Boom Chic""",1213
1726,"""Start Me Up""",75
1727,"""Let's Twist Again""",1214
1728,"""Land of 1000 Dances""",373
1729,"""Shake Your Body (Down to the Ground)""",1157
1730,"""Walk the Dinosaur""",1215
1731,"""Canned Heat""",769
1732,"""Yeah!""",1217
1733,"""Let Me Go""",1218
1734,"""Yakety Yak""",1219
1735,"""Para Te""",1220
1736,"""Suavemente""",1223
1737,"""Tootsee Roll""",1224
1738,"""Remains of the Day""",841
1739,"""Bad Boy Good Man""",1226
1740,"""Take My Breath""",245
1741,"""There Will Be Blood""",1228
1742,"""Raise Your Glass""",1231
1743,"""Don't Start Now""",299
1744,"""Tell It to My Heart""",1232
1745,"""Gotta Get thru This""",749
1746,"""Amor Que Se Baila""",1233
1747,"""Free Fallin'""",1234
1748,"""When I Need You""",1235
1749,"""Por Arriba, Por Abajo""",67
1750,"""Desperado""",79
1751,"""Work Song""",306
1752,"""December, 1963 (Oh, What a Night)""",812
1753,"""Just Like Fire""",117
1754,"""Turn Down for What""",1238
1755,"""Talk Dirty""",1239
1756,"""Groove Is in the Heart""",1240
1757,"""Last Dance""",28
1758,"""Dirty Diana""",25
1759,"""Mundian to Bach Ke""",1241
1760,"""What You Waiting For?""",486
1761,"""Man in the Mirror""",25
1762,"""Dare You""",1242
1763,"""Candy""",560
1764,"""Young and Beautiful""",1005
1765,"""Pucko""",1243
1766,"""Bad Romance""",331
1767,"""The Pirate That Should Not Be""",516
1768,"""Latinos""",1245
1769,"""Puttin' On The Ritz""",353
1770,"""Do You Love Me?""",338
1771,"""Slow Hands""",1247
1772,"""Both Sides Now (Torch Songs)""",1248
1773,"""Down""",1108
1774,"""Hollywood""",1249
1775,"""I Got 5 on It (Tethered Mix)""",1250
1776,"""Bad Habits""",368
1777,"""I Want You to Want Me""",1252
1778,"""Super Bass""",1253
1779,"""Stupid Love""",331
1780,"""Sunny Afternoon""",911
1781,"""Sexual Healing""",36
1782,"""Jaleo""",67
1783,"""Castle on the Hill""",368
1784,"""Faith""",1254
1785,"""Feelin' Good""",1255
1786,"""Memory""",547
1787,"""A Brand New Day""",771
1788,"""She Used to Be Mine""",30
1789,"""Born This Way""",331
1790,"""Say You Love Me""",687
1791,"""1, 2, 3 Turnaround""",1260
1792,"""Leave Me Alone""",25
1793,"""I Just Can't Stop Loving You""",25
1794,"""Glowing""",1261
1795,"""My Songs Know What You Did in the Dark (Light Em Up)""",326
1796,"""One More Night""",128
1797,"""Fat Sam's Grand Slam""",1262
1798,"""When I Was Your Man""",174
1799,"""Azumba""",1263
1800,"""Mr. Big Stuff""",1264
1801,"""La Yumba""",1265
1802,"""Tightrope""",1266
1803,"""Dancing Machine"" / ""I Want You Back""",69
1804,"""Morning Drums""",1263
1805,"""Save the Last Dance for Me""",1249
1806,"""Switch""",430
1807,"""Good Lovin'""",1270
1808,"""Asi Se Baila El Tango""",1272
1809,"""Skyscraper""",173
1810,"""Yes I Can""",375
1811,"""Let's Hurt Tonight""",124
1812,"""Titanium""—David Guetta feat. Sia / ""Fix You""",129
1813,"""I Won't Dance (Step Up 3D Remix)""",199
1814,"""Santa María (del Buen Ayre)""",435
1815,"""Can't Take My Eyes Off You""",1273
1816,"""Hey Boy! Hey Girl!""",1016
1817,"""Problem""",1274
1818,"""Roxanne""",679
1819,"""Sexy and I Know It""",1275
1820,"""Concierto Para Quinteto""",431
1821,"""Don't Give Up""",1276
1822,"""Fine China""",489
1823,"""Objection (Tango)""",384
1824,"""I Play Chicken with the Train""",1278
1825,"""Good Place""",1280
1826,"""Chuck Berry""",217
1827,"""It Had Better Be Tonight (Meglio stasera)""",1249
1828,"""I Get a Kick Out of You""",1249
1829,"""Fat Bottomed Girls""",121
1830,"""Tuesday's Gone""",294
1831,"""Concrete and Clay""",1281
1832,"""Check It Out""",1282
1833,"""Surrender""",1284
1834,"""Gimme Some Lovin'""",336
1835,"""Scars to Your Beautiful""",239
1836,"""Hideaway""",1285
1837,"""Go Mama""",1286
1838,"""Kill of the Night""",579
1839,"""Back It Up""",1287
1840,"""I Was Here""",737
1841,"""Locked Out of Heaven""",174
1842,"""I'm Gonna Be (500 Miles)""",1288
1843,"""Radio Ga Ga''",121
1844,"""Body Language""",121
1845,"""You're My Best Friend""",121
1846,"""Miss Independent""",670
1847,"""Baby Wants a Diamond Ring""",979
1848,"""Flashdance (What a Feeling)""",1290
1849,"""Dark Times""",1291
1850,"""Living""",1292
1851,"""Classic""",1293
1852,"""Take You Higher""",1294
1853,"""Hollow""",1295
1854,"""I Am Your Man""",203
1855,"""Make It Rain""",368
1856,"""What Do You Mean?""",1296
1857,"""Roses and Violets""",1297
1858,"""Blame""",1298
1859,"""Love Runs Out""",124
1860,"""Carnaval de Paris""",1119
1861,"""Cat and Mouse""",1299
1862,"""Smooth Criminal""",25
1863,"""Can't Hold Us""",1300
1864,"""Hips Don't Lie""",1301
1865,"""Icarus""",1302
1866,"""Peppy and George""",1303
1867,"""Beneath Your Beautiful""",1304
1868,"""Splish Splash""",78
1869,"""To Build a Home""",1306
1870,"""Brother""",1307
1871,"""Killer Queen""",121
1872,"""Let's Groove""",220
1873,"""This Is Me""",1308
1874,"""Never Too Much""",771
1875,"""Bad Girls""",28
1876,"""Lucky""",1309
1877,"""Two Princes""",1310
1878,"""I Want You Back""—The Jackson 5 / ""Please Mr. Postman""",1311
1879,"""Wicked Ones""",1313
1880,"""Wicked Game""",1314
1881,"""A Cool Cat in Town""",325
1882,"""You're Never Fully Dressed Without a Smile""",837
1883,"""Revolution (District 78 Remix)""",1315
1884,"""Super Mario Bros. Theme""",1316
1885,"""Yerbatero""",1318
1886,"""Beauty and a Beat""",1319
1887,"""Head High""",1297
1888,"""Roses""",1322
1889,"""Mama Do (Uh Oh Uh Oh)""",145
1890,"""Beethoven's 5 Secrets""",1324
1891,"""Over and Over Again""",1325
1892,"""Resolve""",1326
1893,"""Ex's & Oh's""",673
1894,"""Drag Me Down""",58
1895,"""Sing, Sing, Sing (With a Swing)""—Benny Goodman / ""Apache""",1327
1896,"""Nitty Gritty""",1328
1897,"""Aguanile""",1329
1898,"""Escapade""",43
1899,"""I Hope You Dance""",1331
1900,"""Almost There""",1332
1901,"""River Deep – Mountain High""",335
1902,"""You Don't Know Me""",170
1903,"""We Are the Ones""",1333
1904,"""Booty Swing""",1334
1905,"""Scars""",1335
1906,"""No Doubt About It""",1336
1907,"""I Wanna Dance with Somebody""",113
1908,"""Keep A-Knockin'""",564
1909,"""Rockin' Robin""",25
1910,"""The Ding-Dong Daddy of the D-Car Line""",277
1911,"""I Won't Dance""",52
1912,"""All for You""",43
1913,"""If""",43
1914,"""Any Time, Any Place""",43
1915,"""Black Cat""",43
1916,"""Miss You Much""",43
1917,"""Prince Ali""",739
1918,"""One Bad Apple""",1337
1919,"""Jump Shout Boogie""",54
1920,"""Can't Get You Out of My Head""",1338
1921,"""Sucker""",1339
1922,"""She Works Hard for the Money""",28
1923,"""Puttin' on the Ritz 2017 (Jazzy Radio Mix)""",1340
1924,"""Barflies at the Beach""",574
1925,"""Palladio""",1341
1926,"""Feedback""",43
1927,"""It's All Right""",1342
1928,"""Circle of Life""",1343
1929,"""La Luz Del Ritmo""",656
1930,"""Angels""",560
1931,"""The Hills""",245
1932,"""Work from Home""",397
1933,"""Reflection""",588
1934,"""King of New York""",1344
1935,"""Amore e Musica""",1345
1936,"""La Isla Bonita""",108
1937,"""Fire Burning""",1346
1938,"""WTF (Where They From)""",1347
1939,"""The Pieces Don't Fit Anymore""",495
1940,"""Marchin On""",124
1941,"""Larger Than Life""",924
1942,"""Hot2Touch""",1348
1943,"""Without You""",1349
1944,"""Kill the Lights""",1350
1945,"""All I Do Is Win""",1352
1946,"""Los Vino""",817
1947,"""Footprints in the Sand""",547
1948,"""Turn Up the Music""",489
1949,"""Señorita""",1353
1950,"""Free Free Free""",1355
1951,"""Do You Believe in Magic""",1356
1952,"""T-R-O-U-B-L-E""",1009
1953,"""La cumparsita""",1357
1954,"""I Don't Want to Wait""",1358
1955,"""Thunder""",349
1956,"""Adore You""",290
1957,"""Because You Loved Me""",3
1958,"""I Will Survive""",874
1959,"""A Sky Full of Stars""",129
1960,"""All the Way""",1359
1961,"""Let's Go Crazy""",1360
1962,"""Dinero""",1361
1963,"""YES""",1362
1964,"""Santa Maria (Del Buen Ayre)""",435
1965,"""Before You Go (Piano version)""",1003
1966,"""Que Viva La Vida""",1190
1967,"""Beautiful Crazy""",1363
1968,"""Every Little Step""",589
1969,"""Con Calma""",1364
1970,"""Lover""",253
1971,"""Theme from The Dukes of Hazzard (Good Ol' Boys)""",1365
1972,"""I'm a Lady""",44
1973,"""Dark Fantasy""",691
1974,"""Live Your Life - Nick Cordero""",1368
1975,"""Let's Stay Together""",1370
1976,"""Ordinary People""",414
1977,"""Back in Business""",977
1978,"""Dreaming of You""",1372
1979,"""Shallow""",1373
1980,"""Fish Out of Water""",1280
1981,"""Sweet Sensation""",270
1982,"""Maniac""",1374
1983,"""Mamma Mia""",1375
1984,"""Strong Ones""",1376
1985,"""Shake the Room""",1377
1986,"""Lose Control""",1378
1987,"""You Got It (The Right Stuff)""",1379
1988,"""Like a Virgin""",108
1989,"""Night Fever""",53
1990,"""Bamboléo""",648
1991,"""The Boy from New York City""",1014
1992,"""If I Can't Have You""",216
1993,"""Welcome to New York""",253
1994,"""New York's My Home""",375
1995,"""Swan Lake Suite""",458
1996,"""I Think We're Alone Now""",1380
1997,"""Rhythm of the Night""",1381
1998,"""Jolene""",623
1999,"""New Dorp. New York.""",1383
2000,"""On the Floor""",990
2001,"""Old Town Road""",1384
2002,"""Good Vibrations""",1386
2003,"""Have I Told You Lately""",537
2004,"""Say So""",1387
2005,"""Beauty and the Beast""",1389
2006,"""Theme from New York, New York""",52
2007,"""Why Don't You Do Right?""",783
2008,"""You Gotta Be""",780
2009,"""Stars""",1390
2010,"""We're All in This Together""",1391
2011,"""Ashes""",3
2012,"""Sorry""",1296
2013,"""Ladies Man""",243
2014,"""The Gambler""",526
2015,"""Psycho""",1395
2016,"""Someone You Loved""",1003
2017,"""Storm"" (from Kà)",759
2018,"""Swan Lake Remix""",799
2019,"""Everything I Wanted""",599
2020,"""Southbound""",146
2021,"""The Other Side""",1397
2022,"""Love Someone""",610
2023,"""How to Save a Life""",458
2024,"""Time Warp""",1398
2025,"""You Are the Reason""",1399
2026,"""Ni Tú Ni Yo""",1400
2027,"""Smile""",458
2028,"""A Million Dreams""",1401
2029,"""2 On""",1402
2030,"""Stuck with U""",1403
2031,"""Nobody Knows""",1404
2032,"""Sweet but Psycho""",1405
2033,"""Lux Aeterna""",1406
2034,"""Wavey""",1407
2035,"""Work It""",1408
2036,"""Wonder""",216
2037,"""Monster Mash""",1409
2038,"""Come Sail Away""",1411
2039,"""Hit Me with Your Best Shot""",1412
2040,"""Torn""",1326
2041,"""Black Magic""",126
2042,"""Way Down We Go""",1413
2043,"""This Is How We Do It""",1414
2044,"""Fire""",1416
2045,"""V.E.S.P.A.""",1417
2046,"""I'm Too Sexy""",1419
2047,"""Move Your Body""",837
2048,"""Just Around the Riverbend""",1420
2049,"""Crazy for You""",108
2050,"""When Will My Life Begin?""",1422
2051,"""Zero""",349
2052,"""California Love""",1424
2053,"""I Wan'na Be like You (The Monkey Song)""",262
2054,"""Part of Your World (Reprise)""",721
2055,"""Incredits 2""",619
2056,"""Bills, Bills, Bills""",198
2057,"""No Scrubs""",982
2058,"""Main Titles"" (from Beetlejuice)",841
2059,"""Under Your Spell""",1280
2060,"""Mr. Sandman""",1426
2061,"""Boy with Luv""",224
2062,"""Step by Step""",1379
2063,"""Shame""",673
2064,"""Candyman""",588
2065,"""Dead Man's Party""",1428
2066,"""Thank God I'm a Country Boy""",1429
2067,"""Move Your Feet""",1430
2068,"""Every Little Thing""",1431
2069,"""One Shot""",899
2070,"""Burning Man""",1432
2071,"""Lonely""",1433
2072,"""X""",1435
2073,"""Dancing with a Stranger""",1436
2074,"""Lose You to Love Me""",1043
2075,"""Born to Love You""",1437
2076,"""Tennessee Whiskey""",1438
2077,"""Ladies in the ’90s""",1397
2078,"""Jump, Jive an' Wail""",283
2079,"""If the World Was Ending""",1440
2080,"""Water""",1369
2081,"""Yes""",1441
2082,"""Check it Out""",1282
2083,"""Cowboy Take Me Away""",1442
2084,"""Country Girl (Shake It for Me)""",162
2085,"""Tu Sonrisa""",1223
2086,"""Stand Up for Something""",1445
2087,"""Rewrite the Stars""",1446
2088,"""Savage""—Megan Thee Stallion / ""Hypnotize""",1090
2089,"""Girl on Fire""—Alicia Keys / ""Hollaback Girl""",486
2090,"""Pray for Me""",1447
2091,"""Singin' In The Rain""",799
2092,"""Let's Get Loud""—Jennifer Lopez / ""Bamboleo""",648
2093,"""Head Above Water""",265
2094,"""It's Oh So Quiet""",1449
2095,"""Ain't No Sunshine"" (Lido remix)",1450
