primary_song_id,primary_song
1,"""Sweet Dreams (Are Made of This)"""
2,"""Wait a Minute"""
3,"""Taking Chances"""
4,"""Live Like We're Dying"""
5,"""The First Time Ever I Saw Your Face"""
6,"""A Girl Like You"""
7,"""For Your Entertainment"""
8,"""Try Sleeping with a Broken Heart"""
9,"""I Can't Make You Love Me"""
10,"""Drops of Jupiter (Tell Me)"""
11,"""This Woman's Work"""
12,"""Violentango"""
13,"""Nothin' on You"""
14,"""Sweet Dreams (Are Made Of This)"""
15,"""Yesterday"""
16,"""La Cumparsita"""
17,"""Umbrella"""
18,"""Somebody to Love"""
19,"""Oye Como Va"""
20,"""(You Make Me Feel Like) A Natural Woman"""
21,"""Hot Stuff"""
22,"""I Wonder Why"""
23,"""She Bangs"""
24,"""Crazy in Love"""
25,"""What a Wonderful World"""
26,"""I Want You Back"""
27,"""I Never Loved a Man (The Way I Love You)"""
28,"""I Like It"""
29,"""Three Times A Lady"""
30,"""Respect"""
31,"""I Have Nothing"""
32,"""September"""
33,"""What the World Needs Now Is Love"""
34,"""Your Song"""
35,"""Come Away with Me"""
36,"""I Don't Wanna Miss a Thing"""
37,"""Neutron Dance"""
38,"""Emotion"""
39,"""Top Hat, White Tie and Tails"""
40,"""Careless Whisper"""
41,"""You're The One That I Want"""
42,"""Endless Love"""
43,"""Let's Face the Music and Dance"""
44,"""Hero"""
45,"""If My Friends Could See Me Now"""
46,"""I'm Like a Bird"""
47,"""Zoot Suit Riot"""
48,"""Take My Breath Away"""
49,"""It Don't Mean a Thing"""
50,"""Reet Petite"""
51,"""Do You Love Me"""
52,"""Toxic"""
53,"""Footloose"""
54,"""Dance with Me"""
55,"""I'm Still Standing"""
56,"""Hernando's Hideaway"""
57,"""Crazy Little Thing Called Love"""
58,"""Jailhouse Rock"""
59,"""Tequila"""
60,"""Cell Block Tango"""
61,"""Saturday Night's Alright for Fighting"""
62,"""Por una Cabeza"""
63,"""Matador Paso"""
64,"""Soul Bossa Nova"""
65,"""Just The Two of Us"""
66,"""Bailamos"""
67,"""Dream a Little Dream of Me"""
68,"""Don't Let Me Be Misunderstood"""
69,"""Cold, Cold Heart"""
70,"""Thriller"""
71,"""Let There Be Love"""
72,"""Why Don't You Do Right"""
73,"""The Final Countdown"""
74,"""Bootylicious"""
75,"""España cañí"""
76,"""Don't Know Why"""
77,"""Bamboleo"""
78,"""Big Spender"""
79,"""Conga"""
80,"""Le Freak"""
81,"""No More Tears (Enough Is Enough)"""
82,"""For Once in My Life"""
83,"""Eye of the Tiger"""
84,"""Dirrty"""
85,"""I'm So Excited"""
86,"""Let's Get Loud"""
87,"""Shut Up"""
88,"""Perhaps, Perhaps, Perhaps"""
89,"""9 to 5"""
90,"""Wake Me Up Before You Go-Go"""
91,"""Lady Marmalade"""
92,"""You Can't Hurry Love"""
93,"""Diamonds Are a Girl's Best Friend"""
94,"""Get The Party Started"""
95,"""The Look of Love"""
96,"""Since U Been Gone"""
97,"""One Way or Another"""
98,"""Un-Break My Heart"""
99,"""Fever"""
100,"""You Light Up My Life"""
101,"""I Am What I Am"""
102,"""Material Girl"""
103,"""It Had to Be You"""
104,"""Total Eclipse of the Heart"""
105,"""It's Just Begun"""
106,"""Celebration"""
107,"""Think"""
108,"""Stayin' Alive"""
109,"""The Killing Moon"""
110,"""TiK ToK"""
111,"""Kiss from a Rose"""
112,"""Rescue Me"""
113,"""Livin' la Vida Loca"""
114,"""Save a Horse (Ride a Cowboy)"""
115,"""Hound Dog"""
116,"""I'll Be"""
117,"""Cupid"""
118,"""Hold You In My Arms"""
119,"""Hungry Like the Wolf"""
120,"""She's Always a Woman"""
121,"""Gimme All Your Lovin'"""
122,"""Shake a Tail Feather"""
123,"""I've Got You Under My Skin"""
124,"""The Best Damn Thing"""
125,"""Love You I Do"""
126,"""Hip to be Square"""
127,"""Fly Me to the Moon"""
128,"""SOS"""
129,"""Love Story"""
130,"""I Wanna Be Loved By You"""
131,"""100 Years"""
132,"""Hot Honey Rag"""
133,"""Walk Like an Egyptian"""
134,"""With You I'm Born Again"""
135,"""Canción del Mariachi"""
136,"""Hey, Soul Sister"""
137,"""See the Day"""
138,"""Paparazzi"""
139,"""Anything Goes"""
140,"""Beggin'"""
141,"""La Bamba"""
142,"""That's Life"""
143,"""Kung Fu Fighting"""
144,"""Grace Kelly"""
145,"""All That Jazz"""
146,"""The Bare Necessities"""
147,"""You Never Can Tell"""
148,"""Old Time Rock and Roll"""
149,"""It's My Life"""
150,"""I Got You (I Feel Good)"""
151,"""Wild Thing"""
152,"""Don't You (Forget About Me)"""
153,"""Oh, Pretty Woman"""
154,"""I Don't Want to Miss a Thing"""
155,"""Comanche"""
156,"""Hey Mama"""
157,"""El Sonido De La Milonga"""
158,"""When I Get You Alone"""
159,"""Mas de lo Mismo"""
160,"""María"""
161,"""Enjoy the Silence"""
162,"""Complicación"""
163,"""The Time of My Life"""
164,"""Vision of Love"""
165,"""Mambo Gozon"""
166,"""Dancin' Fool"""
167,"""1+1=2"""
168,"""Meddle"""
169,"""Trouble"""
170,"""Sparks"""
171,"""At This Moment"""
172,"""You're the Top"""
173,"""Bust Your Windows"""
174,"""Sweet Dreams"""
175,"""Love Man"""
176,"""I Got You Babe"""
177,"""Rhythm is a Dancer"""
178,"""Una Música Brutal"""
179,"""What I Like About You"""
180,"""Missing You"""
181,"""Open Arms"""
182,"""Bulletproof"""
183,"""Seven Nation Army"""
184,"""Long Tall Sally"""
185,"""Too Darn Hot"""
186,"""Haven't Met You Yet"""
187,"""Spanish Guitar"""
188,"""February Song"""
189,"""El Tango de Roxanne"""
190,"""Crash"""
191,"""The Muppet Show Theme"""
192,"""Take Me on the Floor"""
193,"""U Got the Look"""
194,"""El Capitalismo Foraneo"""
195,"""Kiss"""
196,"""If You Don't Know Me by Now"""
197,"""Shall We Dance?"""
198,"""King of Swing"""
199,"""Would You...?"""
200,"""Alejandro"""
201,"""I've Got the World on a String"""
202,"""Bring Me to Life"""
203,"""Mi Swing Es Tropical"""
204,"""Nasty"""
205,"""Secret Agent Man"""
206,"""Don't Lie"""
207,"""Alone"""
208,"""25 Miles"""
209,"""Vito's Waltz"""
210,"""Addicted to Love"""
211,"""La Bomba"""
212,"""Underneath Your Clothes"""
213,"""Turn Me On"""
214,"""Piano Man"""
215,"""The Lady in Red"""
216,"""Are You Lonesome Tonight?"""
217,"""Just Dance"""
218,"""Train in Vain"""
219,"""It is You (I Have Loved)"""
220,"""Love Is in the Air"""
221,"""Hard to Handle"""
222,"""In the Air Tonight"""
223,"""A Little Less Conversation"""
224,"""Proud Mary"""
225,"""You Ain't Seen Nothing Yet"""
226,"""Nothin' but a Good Time"""
227,"""Moon River"""
228,"""Mas Que Nada"""
229,"""Spotlight"""
230,"""Why Can't We Be Friends?"""
231,"""LoveGame"""
232,"""I Want You to Want Me"""
233,"""We Are in Love"""
234,"""Boot Scootin' Boogie"""
235,"""El Cumbanchero"""
236,"""We Go Together"""
237,"""Charleston"""
238,"""Better in Time"""
239,"""Dr. Beat"""
240,"""Nothin' Better to Do"""
241,"""Tilt Ya Head Back"""
242,"""Higher"""
243,"""Life Is a Highway"""
244,"""Las Muchachas"""
245,"""Oh, Boy!"""
246,"""Cabaret"""
247,"""Dançando Lambada"""
248,"""Put a Lid on It"""
249,"""Stray Cat Strut"""
250,"""Smooth"""
251,"""Doing It To Death"""
252,"""Are You My Woman (Tell Me So)"""
253,"""Say Hey (I Love You)"""
254,"""As Long as I'm Singing"""
255,"""Cobrastyle"""
256,"""One Day I'll Fly Away"""
257,"""Sweet Home Alabama"""
258,"""Ain't It Funny"""
259,"""American Woman"""
260,"""God Only Knows"""
261,"""Jumpin' Jack Flash"""
262,"""I Wish I Were in Love Again"""
263,"""The Cup of Life"""
264,"""Kryptonite"""
265,"""Epoca"""
266,"""Les Toreadors"""
267,"""They"""
268,"""Play That Funky Music"""
269,"""The Pink Panther Theme"""
270,"""I Heard It Through the Grapevine"""
271,"""Take a Picture"""
272,"""Diablo Rojo"""
273,"""Tango a Pugliese"""
274,"""Sin Rumbo"""
275,"""This Will Be (An Everlasting Love)"""
276,"""Do I Do"""
277,"""Close to Me"""
278,"""All I Want To Do"""
279,"""Bananza (Belly Dancer)"""
280,"""I'm Yours"""
281,"""Tango Barbaro"""
282,"""Crazy Train"""
283,"""Whatever Lola Wants (Gotan Project remix)"""
284,"""Black Mambo"""
285,"""I Do the Jerk"""
286,"""Lover, Come Back to Me"""
287,"""Coconut Woman"""
288,"""I Can't Get Next To You"""
289,"""More Than This"""
290,"""El Matador"""
291,"""Come Rain or Come Shine"""
292,"""C'mon Everybody"""
293,"""Fool in Love"""
294,"""Blue Skies"""
295,"""Ding Dong Daddy of the D-Car Line"""
296,"""I Want You To Want Me"""
297,"""Jump in the Line (Shake, Senora)"""
298,"""Recipe for Love"""
299,"""Remedio P'al Corazon"""
300,"""Come Dance with Me"""
301,"""Only One Road"""
302,"""This Cat's On a Hot Tin Roof"""
303,"""Three Times a Lady"""
304,"""Pride and Joy"""
305,"""Bang Bang"""
306,"""Mellow Yellow"""
307,"""La Comay"""
308,"""Bei Mir Bist Du Schon"""
309,"""Baby Got Back"""
310,"""Bread and Butter"""
311,"""Baby Likes to Rock It"""
312,"""Be Here to Love Me"""
313,"""Choo Choo Ch'Boogie"""
314,"""Request Line"""
315,"""(Up a) Lazy River"""
316,"""Shut Up and Drive"""
317,"""Bandstand Boogie"""
318,"""Bubbly"""
319,"""Low"""
320,"""Feeling Good"""
321,"""The More I See You"""
322,"""Palladio, First Movement"""
323,"""You'll Never Find Another Love Like Mine"""
324,"""I Kissed a Girl"""
325,"""You Give Me Something"""
326,"""Taquito Militar"""
327,"""Summertime Blues"""
328,"""Suite Punta Del Este"""
329,"""You and Me and the Bottle Makes 3 Tonight (Baby)"""
330,"""Get on Your Feet"""
331,"""I Got a Girl"""
332,"""Take Me Out"""
333,"""Mercy Mercy Me"""
334,"""Boléro"""
335,"""Waiting on the World to Change"""
336,"""Cité Tango"""
337,"""Brown Derby Jump"""
338,"""Libertango"""
339,"""Dance Little Sister"""
340,"""Americano"""
341,"""My Lovin' (You're Never Gonna Get It)"""
342,"""Man With the Hex"""
343,"""Bossa Nova Hand Dance (Deixa Isso Pra La)"""
344,"""Malagueña"""
345,"""Bleeding Love"""
346,"""Why Do Fools Fall in Love"""
347,"""Assassin's Tango"""
348,"""Ready Teddy!"""
349,"""Feels Like Today"""
350,"""Sunny Afternoon"""
351,"""Swing With Me"""
352,"""Lupita"""
353,"""Flip, Flop and Fly"""
354,"""Let Me Leave"""
355,"""Rock Around the Clock"""
356,"""What's New Pussycat?"""
357,"""Granada"""
358,"""Ordinary Day"""
359,"""Poker Face"""
360,"""Sing, Sing, Sing (With a Swing)"""
361,"""Switch"""
362,"""Is You Is or Is You Ain't My Baby"""
363,"""We're Not Gonna Take It"""
364,"""House of Bamboo"""
365,"""Mack The Knife"""
366,"""Hey Baby"""
367,"""Lovin' U"""
368,"""Call Me the Breeze"""
369,"""Für Elise"""
370,"""The Girl Can't Help It"""
371,"""I Put a Spell on You"""
372,"""Habanera"""
373,"""Complainte de la Butte"""
374,"""Barracuda"""
375,"""Uptown Girl"""
376,"""Good Lovin'"""
377,"""Valerie"""
378,"""You May Be Right"""
379,"""Daughters"""
380,"""That's the Way (I Like It)"""
381,"""Walkin' My Baby Back Home"""
382,"""Don't Cha"""
383,"""I Hear a Symphony"""
384,"""Jalousie"""
385,"""Don't Stop Me Now"""
386,"""Goody Two Shoes"""
387,"""Bohemian Like You"""
388,"""De Donde Soy"""
389,"""The Big Date"""
390,"""I Go to Rio"""
391,"""The Girl's Gone Wild"""
392,"""A Deeper Love"""
393,"""Let's Do It, Let's Fall in Love"""
394,"""Moondance"""
395,"""Baby Wants a Diamond Ring"""
396,"""I Can't Tell A Waltz From A Tango"""
397,"""Girlfriend"""
398,"""El Choclo"""
399,"""La Bohemia"""
400,"""Hip Hip Chin Chin"""
401,"""Disturbia"""
402,"""Bounce With Me"""
403,"""Slow Dancing in a Burning Room"""
404,"""Ain't That Peculiar"""
405,"""If I Were a Boy"""
406,"""The Way You Move"""
407,"""Bewitched"""
408,"""Bad Girls"""
409,"""Lucky"""
410,"""Two Princes"""
411,"""I Got a Woman"""
412,"""Rio"""
413,"""Blue Monday"""
414,"""Breakin' Dishes"""
415,"""Fall for You"""
416,"""Dance, Dance"""
417,"""She Will Be Loved"""
418,"""Mi Confesión"""
419,"""King of the Road"""
420,"""You're the First, the Last, My Everything"""
421,"""Take On Me"""
422,"""Living on Video"""
423,"""Mama Do (Uh Oh Uh Oh)"""
424,"""River Deep – Mountain High"""
425,"""You Don't Know Me"""
426,"""Do Right Woman, Do Right Man"""
427,"""Plaza of Execution"""
428,"""The Way You Make Me Feel"""
429,"""Upside Down"""
430,"""Funkytown"""
431,"""Lost Without U"""
432,"""Baila, Baila"""
433,"""Strawberry Wine"""
434,"""Ride wit Me"""
435,"""Viva Las Vegas"""
436,"""Mambo (Uno, Dos, Tres)"""
437,"""99 Red Balloons"""
438,"""You Spin Me Round (Like a Record)"""
439,"""Black and Gold"""
440,"""Higher Ground"""
441,"""It's a Man's, Man's, Man's World"""
442,"""La Virgen de la Macarena"""
443,"""Keep Holding On"""
444,"""Mony Mony"""
445,"""Tres Deseos"""
446,"""Everything I Can't Have"""
447,"""Don't Be Cruel"""
448,"""Big Time Operator"""
449,"""P.Y.T. (Pretty Young Thing)"""
450,"""I Go to Sleep"""
451,"""Para Los Rumberos"""
452,"""Suddenly I See"""
453,"""Signed, Sealed, Delivered I'm Yours"""
454,"""One Bad Apple"""
455,"""Jump Shout Boogie"""
456,"""Hallelujah"""
457,"""Can't Get You Out of My Head"""
458,"""My Family is My Life"""
459,"""A-Tisket, A-Tasket"""
460,"""I Want My Mullet Back"""
461,"""Strangers in the Night"""
462,"""Gravity"""
463,"""Go Daddy-O"""
464,"""Cuban Pete"""
465,"""They're Red Hot"""
466,"""Shake, Rattle, and Roll"""
467,"""La Luz Del Ritmo"""
468,"""Angels"""
469,"""Girls Just Want to Have Fun"""
470,"""Tambourine"""
471,"""If You're Not the One"""
472,"""Samba Hey"""
473,"""I Like The Way (You Move)"""
474,"""You Should Be Dancing"""
475,"""How Sweet It Is (To Be Loved By You)"""
476,"""Chain of Fools"""
477,"""Tutti Frutti"""
478,"""Si Señor!..."""
479,"""No Air"""
480,"""Come See About Me"""
481,"""El Gato Montes"""
482,"""I'm Outta Love"""
483,"""Get Down on It"""
484,"""We Got the Beat"""
485,"""The Beat Goes On"""
486,"""New Shoes"""
487,"""Cite Tango"""
488,"""Sweet Soul Music"""
489,"""Amore e Musica"""
490,"""La Isla Bonita"""
491,"""Fire Burning"""
492,"""Say"""
493,"""Pon de Replay"""
494,"""You're All I Need to Get By"""
495,"""Best of My Love"""
496,"""Mandy"""
497,"""Dancing In The Street"""
498,"""Baby Love"""
499,"""Son of a Preacher Man"""
500,"""True"""
501,"""The Power of Love"""
502,"""I Was Made to Love Her"""
503,"""Cheek to Cheek"""
504,"""Let's Hear It for the Boy"""
505,"""Whine Up"""
506,"""Irreplaceable"""
507,"""Vehicle"""
508,"""Friend Like Me"""
509,"""Mess Around"""
510,"""Perfidia"""
511,"""Kids in America"""
512,"""Los Vino"""
513,"""True Colors"""
514,"""Mi Tierra"""
515,"""Come Fly with Me"""
516,"""Delilah"""
517,"""Walkin' on the Sun"""
518,"""Saving All My Love For You"""
519,"""Two Hearts"""
520,"""Gotta Get thru This"""
521,"""Amor Que Se Baila"""
522,"""Free Fallin'"""
523,"""When I Need You"""
524,"""Please Mr. Brown"""
525,"""Mr. Bojangles"""
526,"""I Will Survive"""
527,"""We Will Rock You"""
528,"""Rip it Up"""
529,"""Let's Get it On"""
530,"""Good Time"""
531,"""What Makes You Beautiful"""
532,"""You Know I'm No Good"""
533,"""Disco Inferno"""
534,"""I Just Wanna Make Love to You"""
535,"""Hey Daddy"""
536,"""Get Busy"""
537,"""Right Now"""
538,"""(Your Love Keeps Lifting Me) Higher and Higher"""
539,"""Independent Women Part I"""
540,"""Don't Get Me Wrong"""
541,"""The Ride"""
542,"""Cupid Shuffle"""
543,"""Have You Ever Really Loved a Woman?"""
544,"""Por Arriba, Por Abajo"""
545,"""Sexual Healing"""
546,"""Angel"""
547,"""Captain From Castille"""
548,"""Breakaway"""
549,"""You Can't Stop the Beat"""
550,"""Champagne Tango"""
551,"""Lips Are Movin"""
552,"""Party Rock Anthem"""
553,"""Call Me Irresponsible"""
554,"""Lust for Life"""
555,"""Bop to the Top"""
556,"""Do Your Thing"""
557,"""Jump"""
558,"""Ring of Fire"""
559,"""Mambo Italiano"""
560,"""The Lady Is a Tramp"""
561,"""Your Body Is a Wonderland"""
562,"""Lullaby of Birdland"""
563,"""Jaleo"""
564,"""I Got Rhythm"""
565,"""Theme from Superman"""
566,"""Can't Help Falling in Love"""
567,"""Because We Can"""
568,"""Iris"""
569,"""Back in Business"""
570,"""Quando, Quando, Quando"""
571,"""I'll Make Love to You"""
572,"""Sobe Son"""
573,"""I'm with You"""
574,"""Bills"""
575,"""Blow Me (One Last Kiss)"""
576,"""Love Song"""
577,"""Sing, Sing, Sing"""
578,"""Betece"""
579,"""Papa Loves Mambo"""
580,"""Maracaibo Oriental"""
581,"""Tell Her About It"""
582,"""Crocodile Rock"""
583,"""Save the Last Dance for Me"""
584,"""I Know You Want Me (Calle Ocho)"""
585,"""Asi Se Baila El Tango"""
586,"""Crickets Sing for Anamaria"""
587,"""Don't Stop the Music"""
588,"""I'm Your Man"""
589,"""Mambo a la Sandoval"""
590,"""Tanguedia II"""
591,"""Uptown Funk"""
592,"""New York, New York (FWB Remix)"""
593,"""Juicy Wiggle"""
594,"""Set Fire to the Rain"""
595,"""Shout"""
596,"""Black Horse and the Cherry Tree"""
597,"""Simply Irresistible"""
598,"""Bad Moon Rising"""
599,"""My Way"""
600,"""Tango Diabolo"""
601,"""Cuban Mambo"""
602,"""Tuesday's Gone"""
603,"""Concrete and Clay"""
604,"""So What"""
605,"""Breathe Again"""
606,"""I Dream of Jeannie"""
607,"""Me & Mrs. Jones"""
608,"""Cosmic Girl"""
609,"""Ain't Nothing Wrong with That"""
610,"""The Dirty Boogie"""
611,"""Heavy Action"""
612,"""Billy a Dick"""
613,"""I Lived"""
614,"""Physical"""
615,"""Take Me to Church"""
616,"""Time of Our Lives"""
617,"""Redneck Woman"""
618,"""Everybody Talks"""
619,"""Five Months, Two Weeks, Two Days"""
620,"""Black Betty"""
621,"""The Heat Is On"""
622,"""Santa Maria (del Buen Ayre)"""
623,"""Goldfinger"""
624,"""Star Wars Theme/Cantina Band"""
625,"""Hard Headed Woman"""
626,"""Tonight (I'm Lovin' You)"""
627,"""Puttin' on the Ritz"""
628,"""Let It Rock"""
629,"""Sweet Pea"""
630,"""1 Thing"""
631,"""Gonna Make You Sweat (Everybody Dance Now)"""
632,"""Flashdance (What a Feeling)"""
633,"""Apologize"""
634,"""Spice Up Your Life"""
635,"""I've Got to See You Again"""
636,"""I'm a Woman"""
637,"""Volare"""
638,"""If I Ain't Got You"""
639,"""Little Bitty Pretty One"""
640,"""Whole Lotta Shakin' Goin' On"""
641,"""You Make Me Feel So Young"""
642,"""California Gurls"""
643,"""Working My Way Back to You"""
644,"""Non Non Rien N'a Changé"""
645,"""A Cool Cat In Town"""
646,"""Creep"""
647,"""These Boots Are Made For Walkin'"""
648,"""What You Waiting For"""
649,"""Hey Sexy Lady"""
650,"""Jealousy"""
651,"""Can I Get a Witness"""
652,"""Rock the Casbah"""
653,"""Tell Her"""
654,"""Peter Gunn Theme"""
655,"""Hallelujah I Love Her So"""
656,"""The House is Rockin'"""
657,"""Mambo Baby"""
658,"""Modern Love"""
659,"""Magalenha"""
660,"""New York, New York"""
661,"""Ritmo de Chunga"""
662,"""Rumour Has It"""
663,"""My Sharona"""
664,"""Give It 2 U"""
665,"""The Nicest Kids in Town"""
666,"""Who Says"""
667,"""Blue Suede Shoes"""
668,"""If I Were A Painting"""
669,"""Birthday"""
670,"""Born to Be Wild"""
671,"""Dance with Me Tonight"""
672,"""Babarabatiri"""
673,"""Le Disko"""
674,"""Juventud de Presente"""
675,"""A Woman's Worth"""
676,"""Erythrina Fusca"""
677,"""Get Up Offa That Thing"""
678,"""It Had Better Be Tonight"""
679,"""Beat It"""
680,"""Saca Tu Mujer"""
681,"""Let's Call the Whole Thing Off"""
682,"""Somebody That I Used to Know"""
683,"""Homegrown Honey"""
684,"""Thinking Out Loud"""
685,"""Story of My Life"""
686,"""Walk Away"""
687,"""Somewhere Only We Know"""
688,"""Star Wars Theme"""
689,"""The Phantom of the Opera"""
690,"""Tennessee Waltz"""
691,"""If You Don't Know Me By Now"""
692,"""You Give Love a Bad Name"""
693,"""He Was Beautiful"""
694,"""Drop It Like It's Hot"""
695,"""The Way You Look Tonight"""
696,"""Shake It Off"""
697,"""3-6-9"""
698,"""That Old Black Magic"""
699,"""Straight To Number One"""
700,"""Jim Dandy"""
701,"""Blame It On the Boogie"""
702,"""Blurred Lines"""
703,"""The Jean Genie"""
704,"""Around the World"""
705,"""Just the Two of Us"""
706,"""Satellite"""
707,"""Sugar"""
708,"""In da Club"""
709,"""Turn the Beat Around"""
710,"""All Night"""
711,"""Burn"""
712,"""Timber"""
713,"""Money (That's What I Want)"""
714,"""Moves like Jagger"""
715,"""Free Your Mind"""
716,"""Canción Del Mariachi"""
717,"""Mr. Pinstripe Suit"""
718,"""Take It to the Limit"""
719,"""Cancion Del Mariachi"""
720,"""Freedom! '90"""
721,"""A Kind of Magic"""
722,"""Foolish"""
723,"""Sandy's Song"""
724,"""(I Can't Get No) Satisfaction"""
725,"""You're the One That I Want"""
726,"""It's Tricky"""
727,"""Tears Dry on Their Own"""
728,"""If I Lose Myself"""
729,"""Pack Up"""
730,"""Wings"""
731,"""Candela"""
732,"""Boogie Woogie Bugle Boy"""
733,"""Venus"""
734,"""Sweetheart from Venezuela"""
735,"""Midnight Tango"""
736,"""Nutbush City Limits"""
737,"""Dancing on the Ceiling"""
738,"""Empire"""
739,"""Celebrate"""
740,"""Limbo"""
741,"""Copacabana"""
742,"""Counting Stars"""
743,"""Beyond the Sea"""
744,"""Let Her Go"""
745,"""Hey Pachuco"""
746,"""Forty-Second Street"""
747,"""Domino"""
748,"""Every Breath You Take"""
749,"""I Wish"""
750,"""Eso Beso"""
751,"""Collecting the Ballots"""
752,"""Dance Like This"""
753,"""Call Me Maybe"""
754,"""Land of a Thousand Dances"""
755,"""Girls in Bikinis"""
756,"""Boogie Wonderland"""
757,"""Imagine"""
758,"""Weird Science"""
759,"""Treasure"""
760,"""Jimmy Mack"""
761,"""I Walk the Line"""
762,"""The Shoop Shoop Song (It's in His Kiss)"""
763,"""Workin' Day and Night"""
764,"""Miami"""
765,"""Dangerous"""
766,"""How Long Will I Love You?"""
767,"""Oye 2014"""
768,"""Hanuman"""
769,"""You Can't Sit Down"""
770,"""At the Hop"""
771,"""Daylight"""
772,"""Yellow"""
773,"""Ac-Cent-Tchu-Ate the Positive"""
774,"""So Nice"""
775,"""Cha Cha"""
776,"""Ran Kan Kan"""
777,"""What's Going On"""
778,"""Heaven Must Be Missing an Angel"""
779,"""Besame Mucho"""
780,"""Gettin' Jiggy wit It"""
781,"""All About That Bass"""
782,"""Clarity"""
783,"""Some Kind of Wonderful"""
784,"""Runaway"""
785,"""Fallen"""
786,"""Why Can't I Be You?"""
787,"""Boy from New York City"""
788,"""Suavemente"""
789,"""Rather Be"""
790,"""Chillando Goma"""
791,"""Variations on Dark Eyes"""
792,"""All Nite (Don't Stop)"""
793,"""Big and Bad"""
794,"""Jai Ho (You Are My Destiny)"""
795,"""This Cat's on a Hot Tin Roof"""
796,"""Poison"""
797,"""Stronger (What Doesn't Kill You)"""
798,"""Feel Again"""
799,"""Live While We're Young"""
800,"""ABC"""
801,"""Father Figure"""
802,"""Lewis Boogie Blues"""
803,"""Put Your Records On"""
804,"""I Like to Move It"""
805,"""What's Love Got to Do with It"""
806,"""A Little Respect"""
807,"""Adorn"""
808,"""Sing"""
809,"""She's Country"""
810,"""Wild Ones"""
811,"""Straight to Memphis"""
812,"""It Takes Two"""
813,"""Not My Father's Son"""
814,"""Shut Up and Dance"""
815,"""The Last Waltz"""
816,"""Say Something"""
817,"""Swing Set"""
818,"""Follow the Leader"""
819,"""Fix You"""
820,"""Want U Back"""
821,"""Sugar Town"""
822,"""Dedication to My Ex (Miss That)"""
823,"""I Run to You"""
824,"""Glad You Came"""
825,"""Tiny Dancer"""
826,"""I've Got the Music in Me"""
827,"""Witchcraft"""
828,"""Good Feeling"""
829,"""Habañera"""
830,"""Don't Cry For Me Argentina"""
831,"""Mambo Swing"""
832,"""Hold On, I'm Comin'"""
833,"""I Love to Boogie"""
834,"""Applause"""
835,"""Mad World"""
836,"""Hedwig's Theme"""
837,"""Brown Sugar"""
838,"""My Cherie Amour"""
839,"""The Book of Love"""
840,"""Dan Swit Me"""
841,"""Turning Tables"""
842,"""Three's Company, Too"""
843,"""Addicted to You"""
844,"""Do My Thing"""
845,"""Dance Bailalo"""
846,"""I Will Always Love You"""
847,"""Mrs. Robinson"""
848,"""Sherry"""
849,"""Ain't No Mountain High Enough"""
850,"""International Love"""
851,"""Billy-a-Dick"""
852,"""Annie, I'm Not Your Daddy"""
853,"""Luck Be a Lady"""
854,"""The Reflex"""
855,"""Hushabye Mountain"""
856,"""Cool"""
857,"""Waiting for Tonight"""
858,"""Part-Time Lover"""
859,"""Hey Goldmember"""
860,"""Unchained Melody"""
861,"""(Everything I Do) I Do It for You"""
862,"""Just Give Me a Reason"""
863,"""Symphony No. 5"""
864,"""Whose Bed Have Your Boots Been Under?"""
865,"""Amparito Roca"""
866,"""Personal Jesus"""
867,"""Atlas"""
868,"""American Soldier"""
869,"""He's a Tramp"""
870,"""Yeah 3x"""
871,"""The Middle"""
872,"""The Show"""
873,"""Chantilly Lace"""
874,"""Five Guys Named Moe"""
875,"""Runaway Baby"""
876,"""Que Bueno Baila Usted"""
877,"""Singin' in the Rain"""
878,"""Brazil"""
879,"""Under Pressure"""
880,"""Steppin' Out with My Baby"""
881,"""Married Life"""
882,"""Back to Black"""
883,"""Kiss You"""
884,"""Mambo Jambo"""
885,"""Good Morning"""
886,"""Step in Time"""
887,"""When You Wish upon a Star"""
888,"""Alice's Theme"""
889,"""I Believe in You and Me"""
890,"""Surfboard"""
891,"""Lullabye (Goodnight, My Angel)"""
892,"""Fade into You"""
893,"""My Heart Will Go On"""
894,"""Give It to Me Baby"""
895,"""So This Is Love"""
896,"""Lifestyles of the Rich and Famous"""
897,"""I Wanna Dance with Somebody (Who Loves Me)"""
898,"""This Head That I Hold"""
899,"""Into Action"""
900,"""Jumpin' Jack"""
901,"""Mambo No. 5"""
902,"""The Addams Family Theme"""
903,"""Holding Out for a Hero"""
904,"""Gimme the Light"""
905,"""America"""
906,"""How Will I Know"""
907,"""Skyfall"""
908,"""Guaglione"""
909,"""The Take Over, the Breaks Over"""
910,"""Zero to Hero"""
911,"""A Whole New World"""
912,"""He's a Pirate"""
913,"""All of Me"""
914,"""Human"""
915,"""Happy"""
916,"""Man! I Feel Like a Woman!"""
917,"""Dancing with Myself"""
918,"""Gimme Some Lovin"""
919,"""Hold Me Closer"""
920,"""Barbra Streisand"""
921,"""One Way or Another (Teenage Kicks)"""
922,"""Lights"""
923,"""Give Me Love"""
924,"""Sympathy for the Devil"""
925,"""Dark Waltz"""
926,"""Superstition"""
927,"""Play Me"""
928,"""Living in America"""
929,"""Slippin' and Slidin'"""
930,"""Milkshake"""
931,"""Love Will Keep Us Together"""
932,"""Try"""
933,"""Givin' It Up for Your Love"""
934,"""Diga Diga Doo"""
935,"""Mustang Sally"""
936,"""Ain't That a Kick in the Head?"""
937,"""Love Rollercoaster"""
938,"""Car Wash"""
939,"""Poor Unfortunate Souls"""
940,"""Love Is an Open Door"""
941,"""Heat Wave"""
942,"""The Ballroom Blitz"""
943,"""Wanted"""
944,"""Good Girl"""
945,"""Why Ya Wanna"""
946,"""She Thinks My Tractor's Sexy"""
947,"""Sir Duke"""
948,"""Ain't Nothing Wrong With That"""
949,"""Marry You"""
950,"""We Found Love"""
951,"""She's a Bad Mama Jama (She's Built, She's Stacked)"""
952,"""Got to Give It Up"""
953,"""Tití Me Preguntó"""
954,"""Da Ya Think I'm Sexy?"""
955,"""Another One Bites the Dust"""
956,"""Somebody's Watching Me"""
957,"""Ghostbusters"""
958,"""Spooky"""
959,"""Baby, It's Cold Outside"""
960,"""Dance with My Father"""
961,"""Love Will Never Do (Without You)"""
962,"""Hunter"""
963,"""William Tell Overture"""
964,"""Hollywood Swinging"""
965,"""Let Me Drown"""
966,"""The Way I Are"""
967,"""Chica Chica Boom Chic"""
968,"""Start Me Up"""
969,"""Let's Twist Again"""
970,"""Summer"""
971,"""Surfin' Safari"""
972,"""Dark Horse"""
973,"""Sugarfoot"""
974,"""Love Me Right!"""
975,"""Home"""
976,"""Skin (Sarabeth)"""
977,"""Islands in the Stream"""
978,"""Sexy, Sexy!"""
979,"""Stay the Night"""
980,"""Real Wild Child"""
981,"""Wannabe"""
982,"""When I Grow Up"""
983,"""As It Was"""
984,"""Get Up (I Feel Like Being a) Sex Machine"""
985,"""Stay"""
986,"""Pour Some Sugar on Me"""
987,"""Whatever Lola Wants"""
988,"""Always"""
989,"""Pump It"""
990,"""Stand by Your Man"""
991,"""It's Not Unusual"""
992,"""One Two Three Four (Get On The Dance Floor)"""
993,"""Sparkling Diamonds"""
994,"""Get Lucky"""
995,"""Man Like That"""
996,"""Land of 1000 Dances"""
997,"""Waves"""
998,"""Hopelessly Devoted to You"""
999,"""Want to Want Me"""
1000,"""Wildest Moments"""
1001,"""Brand New"""
1002,"""Grown Woman"""
1003,"""Scream"""
1004,"""Nice Work If You Can Get It"""
1005,"""Lighting Up the Night"""
1006,"""Butter"""
1007,"""Hey Ya!"""
1008,"""Juice"""
1009,"""Savage (Major Lazer Remix)"""
1010,"""YMCA"""
1011,"""Que Sera, Sera (Whatever Will Be, Will Be)"""
1012,"""Bad"""
1013,"""Dance to the Music"""
1014,"""42nd Street"""
1015,"""May Each Day"""
1016,"""Bad, Bad Leroy Brown"""
1017,"""Jessie's Girl"""
1018,"""Carnival de Paris"""
1019,"""She Came to Give It to You"""
1020,"""Rock This Town"""
1021,"""Angelica"""
1022,"""Mamma Knows Best"""
1023,"""Symphony 6: Fair Thee Well & the Requiem Mix"""
1024,"""Shake Señora"""
1025,"""Carry On"""
1026,"""Wiggle"""
1027,"""Too Close"""
1028,"""Fine By Me"""
1029,"""Don't Stop"""
1030,"""Die Young"""
1031,"""Dance Again"""
1032,"""I Won't Give Up"""
1033,"""Eternal Flame"""
1034,"""Pass the Dutchie"""
1035,"""Crazy Stupid Love"""
1036,"""Papi"""
1037,"""Zorongo"""
1038,"""Mickey"""
1039,"""Sexy Silk"""
1040,"""Five Minutes More"""
1041,"""Dear Future Husband"""
1042,"""Super Bad"""
1043,"""Word Up!"""
1044,"""Supercalifragilisticexpialidocious"""
1045,"""Be Our Guest"""
1046,"""I Just Can't Wait to Be King"""
1047,"""Livin' On A Prayer"""
1048,"""New York State of Mind"""
1049,"""To Where You Are"""
1050,"""If I Could"""
1051,"""Dog Days Are Over"""
1052,"""You're the Best"""
1053,"""Kiss Me More"""
1054,"""Glamorous"""
1055,"""Heartbreak Hotel"""
1056,"""Shake, Rattle and Roll"""
1057,"""All Shook Up"""
1058,"""King Creole"""
1059,"""Watching You"""
1060,"""Titanium"""
1061,"""U Can't Touch This"""
1062,"""Push It"""
1063,"""Maneater"""
1064,"""She's a Lady"""
1065,"""Back in Time"""
1066,"""Love Lockdown"""
1067,"""Forget You"""
1068,"""Honey, I'm Good."""
1069,"""Electric Feel"""
1070,"""Cruella de Vil"""
1071,"""Let It Go"""
1072,"""I Wan'na Be Like You (The Monkey Song)"""
1073,"""Under the Sea"""
1074,"""Blinding Lights"""
1075,"""For the Cool in You"""
1076,"""La Vida Es Un Carnaval"""
1077,"""One Sweet Day"""
1078,"""Cum On Feel the Noize"""
1079,"""Skate"""
1080,"""Are You Gonna Be My Girl"""
1081,"""Levitating"""
1082,"""Bossa Nova Baby"""
1083,"""Love On Top"""
1084,"""A Thousand Years"""
1085,"""I Just Want to Make Love to You"""
1086,"""Say I Do"""
1087,"""My Guy"""
1088,"""Jump, Jive, and Wail!"""
1089,"""España Cani"""
1090,"""Bailando"""
1091,"""Kissing You"""
1092,"""Roar"""
1093,"""My Wish"""
1094,"""Hot in Herre"""
1095,"""Raise Your Glass"""
1096,"""Don't Start Now"""
1097,"""Tell It to My Heart"""
1098,"""Time Is Running Out"""
1099,"""Conquest"""
1100,"""Purple Haze"""
1101,"""Better Days"""
1102,"""If I Can Dream"""
1103,"""Suspicious Minds"""
1104,"""Always On My Mind"""
1105,"""Shake Your Body (Down to the Ground)"""
1106,"""Midnight Train to Georgia"""
1107,"""Bust a Move"""
1108,"""Diamonds"""
1109,"""Sexy People (The Fiat Song)"""
1110,"""Give Me Everything"""
1111,"""Jealous (I Ain't with It)"""
1112,"""Work Bitch"""
1113,"""Try a Little Tenderness"""
1114,"""Geronimo"""
1115,"""I Love It"""
1116,"""Feel So Close"""
1117,"""I Wanna Dance with Somebody"""
1118,"""Super Bass"""
1119,"""Stupid Love"""
1120,"""Jungle Jazz"""
1121,"""Greased Lightnin'"""
1122,"""Bohemian Rhapsody"""
1123,"""School's Out"""
1124,"""Say You Won't Let Go"""
1125,"""Despacito"""
1126,"""Make Me Want To"""
1127,"""Rain on Me"""
1128,"""Burning Love"""
1129,"""No Time to Die"""
1130,"""Never Tear Us Apart"""
1131,"""Misery"""
1132,"""Go Get It"""
1133,"""Groove Is in the Heart"""
1134,"""Last Dance"""
1135,"""Booty"""
1136,"""Cheeseburger in Paradise"""
1137,"""Mr. Put It Down"""
1138,"""Lay Me Down"""
1139,"""Outside"""
1140,"""Super Freak"""
1141,"""Light My Fire"""
1142,"""Sucker"""
1143,"""She Works Hard for the Money"""
1144,"""Buttons"""
1145,"""Animal"""
1146,"""Danger Zone"""
1147,"""Paint It, Black"""
1148,"""Rhythm Is Gonna Get You"""
1149,"""U Know What's Up"""
1150,"""Twist and Shout"""
1151,"""All by Myself"""
1152,"""Don't Go Yet"""
1153,"""Diamonds Are Forever"""
1154,"""You Know My Name"""
1155,"""The World Is Not Enough"""
1156,"""Licence to Kill"""
1157,"""Love Letter"""
1158,"""Discombobulate"""
1159,"""The Plaza of Execution"""
1160,"""Necessary Evil"""
1161,"""Run Boy Run"""
1162,"""The Devil Went Down to Georgia"""
1163,"""Put Your Hands on Me"""
1164,"""Man Wanted"""
1165,"""The Night Out"""
1166,"""Get It Right"""
1167,"""What Now"""
1168,"""A Little Party Never Killed Nobody (All We Got)"""
1169,"""Champagne Kisses"""
1170,"""Cinema Italiano"""
1171,"""Gasolina"""
1172,"""Watch Out for This (Bumaye)"""
1173,"""Can't Remember to Forget You"""
1174,"""Sail"""
1175,"""Work from Home"""
1176,"""Rebelión"""
1177,"""Love Letters"""
1178,"""Mr. Saxobeat"""
1179,"""Aguanilé"""
1180,"""Here Comes the Sun"""
1181,"""Circus"""
1182,"""Los Muertos Vivos Están"""
1183,"""For Your Eyes Only"""
1184,"""The Name's Bond... James Bond"""
1185,"""Thunderball"""
1186,"""Secret"""
1187,"""Ghost"""
1188,"""Come with Me Now"""
1189,"""Build Me Up Buttercup"""
1190,"""Game of Thrones Theme"""
1191,"""Centuries"""
1192,"""Diane Young"""
1193,"""Scott & Fran's Paso Doble"""
1194,"""1977"""
1195,"""Adrenalina"""
1196,"""Whatever It Takes"""
1197,"""Dynamite"""
1198,"""Walk the Dinosaur"""
1199,"""Fiebre"""
1200,"""Bumpy Ride"""
1201,"""Piece of Me"""
1202,"""Stronger"""
1203,"""...Baby One More Time"""
1204,"""Womanizer"""
1205,"""Another Way to Die"""
1206,"""GoldenEye"""
1207,"""Writing's on the Wall"""
1208,"""Isn't She Lovely"""
1209,"""Uptight (Everything's Alright)"""
1210,"""Somethin' Bad"""
1211,"""Earned It"""
1212,"""My Heart Goes Boom"""
1213,"""Señorita"""
1214,"""Miss Independent"""
1215,"""When You Believe"""
1216,"""Free Free Free"""
1217,"""Do You Believe in Magic"""
1218,"""Rise Up"""
1219,"""T-R-O-U-B-L-E"""
1220,"""Dirty Diana"""
1221,"""Mundian to Bach Ke"""
1222,"""My Girl"""
1223,"""Till the World Ends"""
1224,"""(You Drive Me) Crazy (The Stop! Remix)"""
1225,"""Die Another Day"""
1226,"""A Star Is Born"""
1227,"""I Just Called to Say I Love You"""
1228,"""You'll Be in My Heart"""
1229,"""Everybody's Free (To Feel Good)"""
1230,"""Dance Apocalyptic"""
1231,"""Work Song"""
1232,"""Everybody Wants to Rule the World"""
1233,"""Read All About It (Pt. III)"""
1234,"""That's It, I Quit, I'm Movin' On"""
1235,"""Confident"""
1236,"""Let's Groove"""
1237,"""This Is Me"""
1238,"""Dinero"""
1239,"""YES"""
1240,"""Good Golly, Miss Molly"""
1241,"""Theme from The Dukes of Hazzard (Good Ol' Boys)"""
1242,"""What You Waiting For?"""
1243,"""Man in the Mirror"""
1244,"""Leave Me Alone"""
1245,"""Cruisin'"""
1246,"""I Can't Get Next to You"""
1247,"""Outrageous"""
1248,"""Hold It Against Me"""
1249,"""Gimme More"""
1250,"""I'm a Slave 4 U"""
1251,"""The Greatest Show"""
1252,"""Remember Me"""
1253,"""Wait for It"""
1254,"""Finally Free"""
1255,"""Danza Kuduro"""
1256,"""Uninvited"""
1257,"""Trust"""
1258,"""Babalu"""
1259,"""Going Up the Country"""
1260,"""Feelin' Good"""
1261,"""6'2"""
1262,"""Heart Upon My Sleeve"""
1263,"""Let's Go Crazy"""
1264,"""Every Little Step"""
1265,"""Never Too Much"""
1266,"""Dreams"""
1267,"""Roses"""
1268,"""I'm a Lady"""
1269,"""It Don't Mean a Thing (If It Ain't Got That Swing)"""
1270,"""Fish Out of Water"""
1271,"""Sweet Sensation"""
1272,"""I Just Can't Stop Loving You"""
1273,"""The Way You Do the Things You Do"""
1274,"""Ooo Baby Baby"""
1275,"""Ain't Too Proud to Beg"""
1276,"""Scream & Shout"" (with will.i.am)"
1277,"""Oops!... I Did It Again"""
1278,"""A Dream Is a Wish Your Heart Makes"""
1279,"""Dig a Little Deeper"""
1280,"""Chim Chim Cher-ee"""
1281,"""Mr. Blue Sky"""
1282,"""Maria Maria"""
1283,"""Shake Your Bon-Bon"""
1284,"""Cherry Pink (and Apple Blossom White)"""
1285,"""Pumpin Blood"""
1286,"""Titanium""—David Guetta feat. Sia / ""Fix You"""
1287,"""I Won't Dance (Step Up 3D Remix)"""
1288,"""All-American Girl"""
1289,"""No Excuses"""
1290,"""If I Knew"""
1291,"""Con Calma"""
1292,"""Lover"""
1293,"""I Hope You Dance"""
1294,"""Almost There"""
1295,"""(I've Had) The Time of My Life"""
1296,"""I Was Here"""
1297,"""Being with You"""
1298,"""The Incredits"""
1299,"""I'll Make a Man Out of You"""
1300,"""Il gatto e la volpe"""
1301,"""One Way Or Another"""
1302,"""The Simpsons Main Title Theme"""
1303,"""Echa Pa'lla (Manos Pa'rriba)"""
1304,"""Buster Voodoo"""
1305,"""Welcome to Burlesque"""
1306,"""Surrender"""
1307,"""Them Girls"""
1308,"""Sissy That Walk"""
1309,"""Centerfield"""
1310,"""Mo Money Mo Problems"""
1311,"""Hold On"""
1312,"""Dreaming of You"""
1313,"""Shallow"""
1314,"""Part of Your World"""
1315,"""Prince Ali"""
1316,"""Strong Ones"""
1317,"""Shake the Room"""
1318,"""Walking on Sunshine"""
1319,"""Carnaval de Paris"""
1320,"""Cat and Mouse"""
1321,"""How Far I'll Go"""
1322,"""Someday My Prince Will Come"""
1323,"""Viva la Vida"""
1324,"""Bang Bang (My Baby Shot Me Down)"""
1325,"""Classic"""
1326,"""Take You Higher"""
1327,"""Lost in Your Eyes"""
1328,"""Like That"""
1329,"""Our House"""
1330,"""Finesse"""
1331,"""Too Darn Hot (RAC Mix)"""
1332,"""Love Never Felt So Good"""
1333,"""Mamma Mia"""
1334,"""It's All Right"""
1335,"""Circle of Life"""
1336,"""The Boy from New York City"""
1337,"""Colombia, Mi Encanto"""
1338,"""I Wan'na Be Like You"""
1339,"""Stand Out"""
1340,"""Roar (Acoustic)"""
1341,"""Blue Jeans"""
1342,"""If the World Should Ever Stop"""
1343,"""Turn Down for What"""
1344,"""Talk Dirty"""
1345,"""Strong Enough"""
1346,"""If I Could Turn Back Time"""
1347,"""Money Maker"""
1348,"""There's Nothing Holdin' Me Back"""
1349,"""Come Get It Bae"""
1350,"""Woman"""
1351,"""Do It Like This"""
1352,"""La Malanga"""
1353,"""Next to Me"""
1354,"""Just a Fool"""
1355,"""Adore You (Cedric Gervais Remix)"""
1356,"""Night Fever"""
1357,"""Bamboléo"""
1358,"""Reflection"""
1359,"""Welcome to New York"""
1360,"""New York's My Home"""
1361,"""Swan Lake Suite"""
1362,"""Bad Guy"""
1363,"""Both Sides, Now"""
1364,"""Let's Get Married (ReMarquable Remix)"""
1365,"""When the Party's Over"""
1366,"""Don't Worry, Be Happy"""
1367,"""Animals"""
1368,"""Say You Love Me"""
1369,"""Jungle"""
1370,"""Good Time Good Life"""
1371,"""Sign of the Times"""
1372,"""Basketball"""
1373,"""Born Ready"""
1374,"""It's a Small World"""
1375,"""What About Us"""
1376,"""Make Way"""
1377,"""Original Don"""
1378,"""Montserrat"""
1379,"""Latch (Acoustic)"""
1380,"""Canned Heat"""
1381,"""If I Can't Have You"""
1382,"""Hands to Myself"""
1383,"""King of New York"""
1384,"""All I Do Is Win"""
1385,"""New Dorp. New York."""
1386,"""Living in New York City"""
1387,"""Canon in D Major"""
1388,"""Gaston"""
1389,"""Once Upon a Dream"""
1390,"""Ways to Be Wicked"""
1391,"""Levels"""
1392,"""Can't Take My Eyes Off of You (I Love You Baby)"""
1393,"""Beautiful"""
1394,"""Dança Molengo"""
1395,"""Hot n Cold"""
1396,"""Magic"" "
1397,"""1, 2, 3 Turnaround"""
1398,"""Can't Take My Eyes Off You"""
1399,"""Hey Boy! Hey Girl!"""
1400,"""Morning Drums"""
1401,"""That's It!"""
1402,"""What Is Love"""
1403,"""Move"""
1404,"""Don't Worry"""
1405,"""This Is My Time"""
1406,"""BO$$"""
1407,"""Dare You"""
1408,"""Can't Stop Dancin'"""
1409,"""Adore You"""
1410,"""Party in the U.S.A."""
1411,"""Rise"""
1412,"""Because You Loved Me"""
1413,"""Can't Touch It"""
1414,"""Theme from New York, New York"""
1415,"""Marriage of Figaro"""
1416,"""Ave Maria"""
1417,"""Bad Romance (Instrumental)"""
1418,"""La Donna è Mobile"""
1419,"""Dangerous Woman"""
1420,"""Arabian Nights"""
1421,"""Mother Knows Best"""
1422,"""Be Prepared"""
1423,"""SexyBack"""
1424,"""Dance With Me Tonight"""
1425,"""Fade Into You"""
1426,"""Problem"""
1427,"""Que Viva la Vida"""
1428,"""Love Me Again"""
1429,"""Let Me Love You (Tiësto Remix)"""
1430,"""The Rest of Our Life"""
1431,"""See You Again"""
1432,"""O"""
1433,"""Stand by Me"""
1434,"""Glowing"""
1435,"""Live Life"""
1436,"""That's What I Like"""
1437,"""Jolene"""
1438,"""Old Town Road"""
1439,"""Que Viva La Vida"""
1440,"""Beautiful Crazy"""
1441,"""Why Don't You Do Right?"""
1442,"""Montagues and Capulets"""
1443,"""Did I Make the Most of Loving You?"""
1444,"""You and Me"""
1445,"""You Make My Dreams"""
1446,"""Unstoppable"""
1447,"""Reflejo de Luna"""
1448,"""Hit the Road Jack"""
1449,"""Para Te"""
1450,"""Tainted Love"""
1451,"""Yeah!"""
1452,"""Let Me Go"""
1453,"""Yakety Yak"""
1454,"""Make Something Beautiful"""
1455,"""Go, Cubs, Go"""
1456,"""XXPEN$IVE"""
1457,"""24K Magic"""
1458,"""Hit Me with a Hot Note"""
1459,"""Pillowtalk"""
1460,"""Sax"""
1461,"""'Deed I Do"""
1462,"""Here"""
1463,"""Ice Ice Baby"""
1464,"""A Spoonful of Sugar"""
1465,"""You've Got a Friend in Me"""
1466,"""Beauty and the Beast"""
1467,"""Let's Stay Together"""
1468,"""Ordinary People"""
1469,"""Ashes"""
1470,"""Call Me Cruella"""
1471,"""Summer Nights"""
1472,"""Good Girls Go Bad"""
1473,"""Basket Case"""
1474,"""The Pirate That Should Not Be"""
1475,"""One More Night"""
1476,"""Fat Sam's Grand Slam"""
1477,"""When I Was Your Man"""
1478,"""Blame"""
1479,"""Candy"""
1480,"""Young and Beautiful"""
1481,"""Pucko"""
1482,"""Bad Romance"""
1483,"""The A-Team theme"""
1484,"""Untouchable"""
1485,"""No Rights No Wrongs"""
1486,"""I'm Going Down"""
1487,"""Look What You Made Me Do"""
1488,"""Count on Me"""
1489,"""Ain't Got Far to Go"""
1490,"""Sweet Caroline"""
1491,"""God Blessed Texas"""
1492,"""Stuff Like That There"""
1493,"""We're All in This Together"""
1494,"""Larger Than Life"""
1495,"""Maniac"""
1496,"""Ladies Man"""
1497,"""The Gambler"""
1498,"""Look at Me, I'm Sandra Dee"""
1499,"""Beauty School Dropout"""
1500,"""Azumba"""
1501,"""Concierto Para Quinteto"""
1502,"""Don't Give Up"""
1503,"""Love Runs Out"""
1504,"""My Songs Know What You Did in the Dark (Light Em Up)"""
1505,"""Bad Intentions"""
1506,"""Love Me Now"""
1507,"""Grown"""
1508,"""Motownphilly"""
1509,"""Move (You're Steppin' on My Heart)"""
1510,"""In the Night"""
1511,"""Cake by the Ocean"""
1512,"""American Girl"""
1513,"""The Brady Bunch"""
1514,"""Someone You Loved"""
1515,"""You Got It (The Right Stuff)"""
1516,"""Like a Virgin"""
1517,"""Storm"" (from Kà)"
1518,"""Rip It Up"""
1519,"""Mama Do the Hump"""
1520,"""Born to Hand Jive"""
1521,"""Sandy"""
1522,"""There Are Worse Things I Could Do"""
1523,"""Look at Me, I'm Sandra Dee (Reprise)"""
1524,"""Fine China"""
1525,"""Shake It"""
1526,"""Revolution (District 78 Remix)"""
1527,"""Super Mario Bros. Theme"""
1528,"""Roxanne"""
1529,"""Sexy and I Know It"""
1530,"""Unlove You"""
1531,"""Burnin' Up"""
1532,"""Give Me Your Love"""
1533,"""Suffer"""
1534,"""Easy"""
1535,"""Most Girls"""
1536,"""I Will Survive """
1537,"""Conqueror"""
1538,"""Walk on Water"""
1539,"""Anything You Can Do"""
1540,"""Bad Man"""
1541,"""My House"""
1542,"""Bun Up the Dance"""
1543,"""I Don't Want to Be"""
1544,"""Green Acres Theme"""
1545,"""As Days Go By"""
1546,"""Southbound"""
1547,"""Livin' on a Prayer"""
1548,"""I Think We're Alone Now"""
1549,"""We Are the Champions"""
1550,"""Maggie May"""
1551,"""Kathleen"""
1552,"""Wicked Games"""
1553,"""Can't Hold Us"""
1554,"""Hips Don't Lie"""
1555,"""Icarus"""
1556,"""Peppy and George"""
1557,"""I'm Gonna Be (500 Miles)"""
1558,"""Sing, Sing, Sing (With a Swing)""—Benny Goodman / ""Apache"""
1559,"""Nitty Gritty"""
1560,"""Locked Out of Heaven"""
1561,"""Mi Gente"""
1562,"""Lights Down Low"""
1563,"""Havana"""
1564,"""Scooby Doo Pa Pa"""
1565,"""G.D.F.R."""
1566,"""Don't"""
1567,"""Go, Diego, Go! Theme"""
1568,"""Love and Marriage"""
1569,"""Bewitched Theme"""
1570,"""The X-Files"""
1571,"""Light It Up"""
1572,"""The Other Side"""
1573,"""Time Warp"""
1574,"""Rhythm of the Night"""
1575,"""Can You Do This"""
1576,"""Love Someone"""
1577,"""How to Save a Life"""
1578,"""Take My Breath"""
1579,"""There Will Be Blood"""
1580,"""Hollywood"""
1581,"""Beneath Your Beautiful"""
1582,"""Yerbatero"""
1583,"""Beauty and a Beat"""
1584,"""Hideaway"""
1585,"""The Raiders March"""
1586,"""Smooth Criminal"""
1587,"""A Little Party Never Killed Nobody"""
1588,"""Chapel of Love"""
1589,"""Instruction"""
1590,"""Mani Picao"""
1591,"""I Feel for You"""
1592,"""Cheerleader"""
1593,"""Marvin Gaye"""
1594,"""Stole the Show"""
1595,"""Pata Pata"""
1596,"""Ain't Too Cool"""
1597,"""DuckTales"""
1598,"""The Walking Dead Theme"""
1599,"""Angela"""
1600,"""Great Gosh A'Mighty"""
1601,"""Sweet but Psycho"""
1602,"""On the Floor"""
1603,"""You Are the Reason"""
1604,"""Ni Tú Ni Yo"""
1605,"""Smile"""
1606,"""A Million Dreams"""
1607,"""I Got 5 on It (Tethered Mix)"""
1608,"""Bad Habits"""
1609,"""Candy Shop"""
1610,"""Take Me to Heaven"""
1611,"""Perm"""
1612,"""Red Right Hand"""
1613,"""Hey, Good Lookin'"""
1614,"""Whistle (While You Work It)"""
1615,"""Sorry (Latino remix)"""
1616,"""Too Many Fish in the Sea"""
1617,"""Tamacun"""
1618,"""Save Tonight"""
1619,"""Survivor"""
1620,"""Monster Mash"""
1621,"""Good Vibrations"""
1622,"""Have I Told You Lately"""
1623,"""Say So"""
1624,"""2 On"""
1625,"""Lux Aeterna"""
1626,"""Wavey"""
1627,"""Paint It Black"""
1628,"""It Had Better Be Tonight (Meglio stasera)"""
1629,"""Aguanile"""
1630,"""Swalla"""
1631,"""Impossible"""
1632,"""The Fresh Prince of Bel-Air"""
1633,"""Tubthumping"""
1634,"""Love on the Brain"""
1635,"""Dancing in the Street"""
1636,"""Ten Feet Tall"""
1637,"""I Don't Like It, I Love It"""
1638,"""Rainbow Connection"""
1639,The Facts of Life theme
1640,"""Big Trouble"""
1641,"""If It Ain't Love"""
1642,"""Wicked Game"""
1643,"""Come Sail Away"""
1644,"""Humble and Kind"""
1645,"""You Gotta Be"""
1646,"""Stars"""
1647,"""Hit Me with Your Best Shot"""
1648,"""Torn"""
1649,"""Black Magic"""
1650,"""Fire"""
1651,"""Mr. Big Stuff"""
1652,"""La Yumba"""
1653,"""Tightrope"""
1654,"""Fat Bottomed Girls"""
1655,"""I Get a Kick Out of You"""
1656,"""Keep A-Knockin'"""
1657,"""Rockin' Robin"""
1658,"""Shape of You"""
1659,"""Amazing Grace"""
1660,"""It's Gonna Be Me"""
1661,"""I Can't Help Myself (Sugar Pie Honey Bunch)"""
1662,"""7 Years"""
1663,"""300 Violin Orchestra"""
1664,"""Krazy"""
1665,"""Woman's World"""
1666,"""Into the Sunset (Headhunterz radio edit)"""
1667,"""This Is How We Do It"""
1668,"""Sorry"""
1669,"""V.E.S.P.A."""
1670,"""I'm Too Sexy"""
1671,"""Move Your Body"""
1672,"""Objection (Tango)"""
1673,"""Radio Ga Ga''"
1674,"""Body Language"""
1675,"""Forever Young"""
1676,"""Unconditionally"""
1677,"""Jump (For My Love)"""
1678,"""The Breaks"""
1679,"""The Glory Days"""
1680,"""Adventure of a Lifetime"""
1681,"""This Is How We Roll"""
1682,"""Chicago (That Toddlin' Town)"""
1683,"""King of Anything"""
1684,"""The Star-Spangled Banner"""
1685,"""Verge"""
1686,"""Lake Michigan"""
1687,"""Cry Baby"""
1688,"""Battle Cry"""
1689,"""Bella Donna Twist"""
1690,"""Don't Stop Believin'"""
1691,"""Psycho"""
1692,"""Just Around the Riverbend"""
1693,"""I Play Chicken with the Train"""
1694,"""You're My Best Friend"""
1695,"""Killer Queen"""
1696,"""Express Yourself"""
1697,"""Good Good Father"""
1698,"""Evermore"""
1699,"""Fight Song"""
1700,"""Falling Slowly"""
1701,"""Anchor"""
1702,"""Only the Good Die Young"""
1703,"""Queen Bee"""
1704,"""Que Es Lo Que Quiere Esa Nena"""
1705,"""I'm Every Woman"""
1706,"""Club Can't Handle Me"""
1707,"""Trashin' the Camp"""
1708,"""Try Everything"""
1709,"""Last Friday Night (T.G.I.F.)"""
1710,"""Moves Like Jagger"""
1711,"""High Bar/Taikoba"""
1712,"""Battlefield"""
1713,"""Two Two Tango"""
1714,"""Can't Feel My Face"""
1715,"""Swan Lake Remix"""
1716,"""Everything I Wanted"""
1717,"""When Will My Life Begin?"""
1718,"""Zero"""
1719,"""Splish Splash"""
1720,"""I've Got No Strings"""
1721,"""Unforgettable"""
1722,"""For the First Time in Forever"""
1723,"""When Can I See You Again?"""
1724,"""Move On Up"""
1725,"""Take Me Home"""
1726,"""Over My Head (Cable Car)"""
1727,"""Godspeed (Sweet Dreams)"""
1728,"""We Are Family"""
1729,"""Wouldn't It Be Nice"""
1730,"""Romeo"""
1731,"""When Love Takes Over"""
1732,"""Belle"""
1733,"""Circle of Life (District 78 remix)"""
1734,"""This Year's Love"""
1735,"""Jeux d'Eau"""
1736,"""Come Together"""
1737,"""Tzelma"""
1738,"""I Wan'na Be like You (The Monkey Song)"""
1739,"""Part of Your World (Reprise)"""
1740,"""Incredits 2"""
1741,"""Ride"""
1742,"""That's How You Know"""
1743,"""Steamboat Willie Suite"""
1744,"""You Shook Me All Night Long"""
1745,"""Should I Stay or Should I Go"""
1746,"""Cooler Than Me"""
1747,"""Hold Back the River"""
1748,"""La Nouba"""
1749,"""The Hollywood Wiz"""
1750,"""From the Ground Up"""
1751,"""Stuck with U"""
1752,"""Nobody Knows"""
1753,"""Escapade"""
1754,"""Un jour mon prince viendra"""
1755,"""When You Wish Upon a Star"""
1756,"""1812 Overture"""
1757,"""Heaven Is a Place on Earth"""
1758,"""Somewhere in Time"" theme"
1759,"""Gotta Work"""
1760,"""I Write Sins Not Tragedies"""
1761,"""These Arms of Mine"""
1762,"""Walkin' Back to Happiness"""
1763,"""Love Is All Around"""
1764,"""The Boy Does Nothing"""
1765,"""In My Daughter's Eyes"""
1766,"""A Song for You"""
1767,"""Bye Bye Bye"""
1768,"""Bills, Bills, Bills"""
1769,"""No Scrubs"""
1770,"""Work It"""
1771,"""Wonder"""
1772,"""Way Down We Go"""
1773,"""Main Titles"" (from Beetlejuice)"
1774,"""Under Your Spell"""
1775,"""Mr. Sandman"""
1776,"""All for You"""
1777,"""If"""
1778,"""Any Time, Any Place"""
1779,"""Black Cat"""
1780,"""I Want It That Way"""
1781,"""Fun, Fun, Fun"""
1782,"""Kiss the Girl"""
1783,"""Get Ready"""
1784,"""Only a Man"""
1785,"""Come Home"""
1786,"""The Boys Are Back in Town"""
1787,"""Nobody But Me"""
1788,"""Perfect"""
1789,"""Hips"""
1790,"""I Get to Love You"""
1791,"""Under Control"""
1792,"""Jump, Jive, an' Wail"""
1793,"""This Ain't a Love Song"""
1794,"""My First Kiss"""
1795,"""Crazy"""
1796,"""Surprise Yourself"""
1797,"""Woman Up"""
1798,"""The Right Time"""
1799,"""Boy with Luv"""
1800,"""Step by Step"""
1801,"""Shame"""
1802,"""Candyman"""
1803,"""Dead Man's Party"""
1804,"""Miss You Much"""
1805,"""Rhythm Nation"""
1806,"""Feedback"""
1807,"""Reach Out I'll Be There"""
1808,"""Waterfalls"""
1809,"""You're Welcome"""
1810,"""Dernière danse"""
1811,"""Girl on Fire"""
1812,"""Coming Home, Pt. II"""
1813,"""Last Night a D.J. Saved My Life"""
1814,"""Laugh at Me"""
1815,"""Cry Me Out"""
1816,"""Mama Told Me (Not to Come)"""
1817,"""Kiss Me, Honey Honey, Kiss Me"""
1818,"""Life After You"""
1819,"""La Negra Tiene Tumbao"""
1820,"""Thank God I'm a Country Boy"""
1821,"""Hoedown"""
1822,"""Legend"""
1823,"""Wild Wild West"""
1824,"""Feel It Still"""
1825,"""Thank You for Being a Friend"""
1826,"""Chelsea"""
1827,"""Let It Be"""
1828,"""If You're Reading This"""
1829,"""Break Your Heart"""
1830,"""Sex Bomb"""
1831,"""Tush"""
1832,"""Bla Bla Bla Cha Cha Cha"""
1833,"""Need the Sun to Break"""
1834,"""Crazy for You"""
1835,"""Every Little Thing"""
1836,"""One Shot"""
1837,"""Burning Man"""
1838,"""Born to Love You"""
1839,"""Holly Rock"""
1840,"""Let's Be Bad"""
1841,"""Supermarket Flowers"""
1842,"""The Ballad of Gilligan's Isle"""
1843,"""A Beautiful Mine"""
1844,"""Breaking Bad Theme"""
1845,"""I'll Be There"""
1846,"""Fantasy"""
1847,"""You Raise Me Up"""
1848,"""Jai Ho"""
1849,"""O-o-h Child"""
1850,"""Theme from Mission: Impossible"""
1851,"""Magic"""
1852,"""Love Machine"""
1853,"""Echa pa'lante"""
1854,"""Mas que Nada"""
1855,"""Hotel California"""
1856,"""California Love"""
1857,"""Tennessee Whiskey"""
1858,"""Ladies in the ’90s"""
1859,"""O Fortuna"""
1860,"""Universal Mind Control"""
1861,"""Quizás, Quizás, Quizás"""
1862,"""The Night We Met"""
1863,"""Bad Things"""
1864,"""Movin' on Up"""
1865,"""My Prerogative"""
1866,"""Over the Rainbow"""
1867,"""Stay Gold"""
1868,"""The Black Pearl"""
1869,"""Flash's Theme"""
1870,"""Dreaming"""
1871,"""(If You're Wondering If I Want You To) I Want You To"""
1872,"""One Fine Day"""
1873,"""Dancing with a Stranger"""
1874,"""La cumparsita"""
1875,"""I Don't Want to Wait"""
1876,"""Thunder"""
1877,"""Game of Survival"""
1878,"""Teenage Mutant Ninja Turtles Theme"""
1879,"""Mama Said"""
1880,"""Con te partirò"""
1881,"""Waltz of the Flowers"""
1882,"""March of the Toreadors"""
1883,"""Beautiful Day"""
1884,"""I Say a Little Prayer"""
1885,"""The Murder"""
1886,"""Gonna Fly Now"""
1887,"""Never Forget You"""
1888,"""Lose You to Love Me"""
1889,"""Gimme Some Lovin'"""
1890,"""Water"""
1891,"""Yes"""
1892,"""Santa Maria (Del Buen Ayre)"""
1893,"""Roundtable Rival"""
1894,"""Remains of the Day"""
1895,"""That'll Be the Day"""
1896,"""King"""
1897,"""Stitches"""
1898,"""Romeo and Juliet"""
1899,"""Explosive / Adagio for Strings"""
1900,"""Edelweiss"""
1901,"""Bad Day"""
1902,"""Let It Be Me"""
1903,"""Get Down Tonight"""
1904,"""Country Girl (Shake It for Me)"""
1905,"""Move Your Feet"""
1906,"""Check it Out"""
1907,"""Tu Sonrisa"""
1908,"""Stand Up for Something"""
1909,"""Before You Go (Piano version)"""
1910,"""Telephone"""
1911,"""Dark Fantasy"""
1912,"""Bad Boy Good Man"""
1913,"""Wake Me Up"""
1914,"""Everybody (Backstreet's Back)"""
1915,"""I Dovregubbens Hall"""
1916,"""The Flower Duet"""
1917,"""Victorious"""
1918,"""Wake Me Up Before You Go Go"""
1919,"""Just the Way You Are"""
1920,"""Put It in a Love Song"""
1921,"""Falling In Love At a Coffee Shop"""
1922,"""Boom Boom Pow"""
1923,"""In the Mood"""
1924,"""Day-O (The Banana Boat Song)"""
1925,"""Girl on Fire""—Alicia Keys / ""Hollaback Girl"""
1926,"""Lonely"""
1927,"""Rewrite the Stars"""
1928,"""Pray for Me"""
1929,"""Live Your Life - Nick Cordero"""
1930,"""Freedom"""
1931,"""Feeling Alive"""
1932,"""Believer"""
1933,"""Slow Hands"""
1934,"""Both Sides Now (Torch Songs)"""
1935,"""Good to Be Alive (Hallelujah)"""
1936,"""End of Time"""
1937,"""America the Beautiful"""
1938,"""God Bless The USA"""
1939,"""Something's Got a Hold on Me"""
1940,"""Stone Cold"""
1941,"""Hello"""
1942,"""Easy Lover"""
1943,"""Pure Imagination"""
1944,"""Dr. Bones"""
1945,"""Howlin' for You"""
1946,"""Little Shop of Horrors"""
1947,"""X"""
1948,"""Head Above Water"""
1949,"""A Sky Full of Stars"""
1950,"""Don't Let Me Down"""
1951,"""Down"""
1952,"""Like I'm Gonna Lose You"""
1953,"""Shake"""
1954,"""Hold My Hand"""
1955,"""The Yankee Doodle Boy"""
1956,"""Baby One More Time"""
1957,"""Walk Like a Man"""
1958,"""You Don't Own Me"""
1959,"""Jump, Jive an' Wail"""
1960,"""If the World Was Ending"""
1961,"""It's Oh So Quiet"""
1962,"""Ain't No Sunshine"" (Lido remix)"
1963,"""Born This Way"""
1964,"""Lose Control"""
1965,"""Gangsta's Paradise"""
1966,"""Desperado"""
1967,"""Good Place"""
1968,"""Chuck Berry"""
1969,"""Pompeii"""
1970,"""Don't Look Down"""
1971,"""Always Look on the Bright Side of Life"""
1972,"""Cowboy Take Me Away"""
1973,"""Castle on the Hill"""
1974,"""End of the Road"""
1975,"""One Time"""
1976,"""Hall of Fame"""
1977,"""Seasons of Love"""
1978,"""Abracadabra"""
1979,"""I'll Be There for You"""
1980,"""December, 1963 (Oh, What a Night)"""
1981,"""Savage""—Megan Thee Stallion / ""Hypnotize"""
1982,"""Faith"""
1983,"""Skyscraper"""
1984,"""Yes I Can"""
1985,"""To Build a Home"""
1986,"""Vogue"""
1987,"""Pony"""
1988,"""Ghosts 'N Stuff"""
1989,"""Explosive"""
1990,"""Shame on Me"""
1991,"""Unsteady"""
1992,"""The Brady Bunch Theme"""
1993,"""Unwritten"""
1994,"""Charlie's Angels Theme"""
1995,"""Memory"""
1996,"""A Brand New Day"""
1997,"""She Used to Be Mine"""
1998,"""Singin' In The Rain"""
1999,"""Let's Get Loud""—Jennifer Lopez / ""Bamboleo"""
2000,"""Let's Hurt Tonight"""
2001,"""Brother"""
2002,"""Head High"""
2003,"""Pencil Full Of Lead"""
2004,"""Tango Misterioso"""
2005,"""My Love"""
2006,"""Shot Me Down"""
2007,"""Fire Under My Feet"""
2008,"""Werewolves of London"""
2009,"""Hill Street Blues"""
2010,"""(Theme From) The Monkees"""
2011,"""Check It Out"""
2012,"""Hora Zero"""
2013,"""People Are Strange"""
2014,"""The Beautiful People"""
2015,"""This Will Be"""
2016,"""Orange Colored Sky"""
2017,"""S.O.B."""
2018,"""The Sound of Silence"""
2019,"""Fireball"""
2020,"""If I Had You"""
2021,"""You Really Got Me"""
2022,"""According to You"""
2023,"""Santa María (del Buen Ayre)"""
2024,"""Dark Times"""
2025,"""Living"""
2026,"""The Ding-Dong Daddy of the D-Car Line"""
2027,"""I Won't Dance"""
2028,"""Cry Little Sister"""
2029,"""Haunted"""
2030,"""Maybe I, Maybe You"""
2031,"""Stuck in the Middle With You"""
2032,"""Just Like Fire"""
2033,"""Scars to Your Beautiful"""
2034,"""Go Mama"""
2035,"""Kill of the Night"""
2036,"""Puttin' on the Ritz 2017 (Jazzy Radio Mix)"""
2037,"""Valió la Pena"""
2038,"""The Naughty Lady of Shady Lane"""
2039,"""Hollow"""
2040,"""Barflies at the Beach"""
2041,"""Palladio"""
2042,"""One and Only"""
2043,"""White Room"""
2044,"""What the World Needs Now"""
2045,"""Can't Be Tamed"""
2046,"""I Am Your Man"""
2047,"""Hot2Touch"""
2048,"""Without You"""
2049,"""Eyes on Fire"""
2050,"""Spanish Paso"""
2051,"""I Want You Back""—The Jackson 5 / ""Please Mr. Postman"""
2052,"""Wicked Ones"""
2053,"""Kill the Lights"""
2054,"""Jump in the Line"""
2055,"""Allerdings Otros Aires"""
2056,"""Beethoven's 5 Secrets"""
2057,"""Over and Over Again"""
2058,"""Back It Up"""
2059,"""Breathe (2 AM)"""
2060,"""We Are the Ones"""
2061,"""Make It Rain"""
2062,"""What Do You Mean?"""
2063,"""Roses and Violets"""
2064,"""It Is You (I Have Loved)"""
2065,"""Minnie the Moocher"""
2066,"""Good Golly Miss Molly"""
2067,"""Waiting for a Girl Like You"""
2068,"""A Cool Cat in Town"""
2069,"""Latinos"""
2070,"""Hella Good"""
2071,"""You're Never Fully Dressed Without a Smile"""
2072,"""Puttin' On The Ritz"""
2073,"""Dancing Machine"" / ""I Want You Back"""
2074,"""Teenage Dream"""
2075,"""Firework"""
2076,"""Resolve"""
2077,"""Ex's & Oh's"""
2078,"""Drag Me Down"""
2079,"""Mercy"""
2080,"""Way Over Yonder"""
2081,"""Booty Swing"""
2082,"""Scars"""
2083,"""No Doubt About It"""
2084,"""Mary Goes to Jesus"""
2085,"""She's Got Me Dancing"""
2086,"""Jai Ho! (You Are My Destiny)"""
2087,"""The Hills"""
2088,"""Tootsee Roll"""
2089,"""WTF (Where They From)"""
2090,"""The Pieces Don't Fit Anymore"""
2091,"""Marchin On"""
2092,"""Do You Love Me?"""
2093,"""Footprints in the Sand"""
2094,"""Turn Up the Music"""
2095,"""All the Way"""
